dataset,variable,TP,TN,FP,FN,accuracy
train_x,Df,3539,3485,540,536,0.8671604938271605
train_x,D,3539,3485,540,536,0.8671604938271605
valid_x,Df,402,366,74,58,0.8533333333333334
valid_x,D,402,366,74,58,0.8533333333333334
test_x,Df,436,429,70,65,0.865
test_x,D,436,429,70,65,0.865
