dataset,variable,TP,TN,FP,FN,accuracy
train_x,Df,3789,3726,290,295,0.9277777777777778
train_x,D,3789,3726,290,295,0.9277777777777778
valid_x,Df,437,391,39,33,0.92
valid_x,D,437,391,39,33,0.92
test_x,Df,469,452,37,42,0.921
test_x,D,469,452,37,42,0.921
