dataset,variable,TP,TN,FP,FN,accuracy
train_x,Df,3271,2647,1349,833,0.7306172839506173
train_x,D,3271,2647,1349,833,0.7306172839506173
valid_x,Df,355,301,152,92,0.7288888888888889
valid_x,D,355,301,152,92,0.7288888888888889
test_x,Df,410,311,183,96,0.721
test_x,D,410,311,183,96,0.721
