dataset,variable,TP,TN,FP,FN,accuracy
train_x,Df,6239,19405,399,331,0.9723212254493061
train_x,D,6570,19804,0,0,1.0
valid_x,Df,679,2175,42,35,0.9737291026953259
valid_x,D,714,2217,0,0,1.0
test_x,Df,765,2394,52,45,0.9702088452088452
test_x,D,810,2446,0,0,1.0
