dataset,variable,TP,TN,FP,FN,accuracy
train_x,Df,42672,73028,15858,26930,0.7300237241936298
train_x,D,42672,73028,15858,26930,0.7300237241936298
valid_x,Df,4781,8102,1806,2921,0.731572969903464
valid_x,D,4781,8102,1806,2921,0.731572969903464
test_x,Df,5239,8944,2022,3362,0.7248428476516584
test_x,D,5239,8944,2022,3362,0.7248428476516584
