dataset,variable,TP,TN,FP,FN,accuracy
train_x,Df,35044,785,3064,662,0.9058020477815699
train_x,D,35044,785,3064,662,0.9058020477815699
valid_x,Df,3889,93,341,72,0.9060295790671218
valid_x,D,3889,93,341,72,0.9060295790671218
test_x,Df,4355,75,380,74,0.907043407043407
test_x,D,4355,75,380,74,0.907043407043407
