dataset,variable,TP,TN,FP,FN,accuracy
train_x,Df,3276,18665,1358,3075,0.8319177978311973
train_x,D,3276,18665,1358,3075,0.8319177978311973
valid_x,Df,353,2036,189,353,0.815080177413852
valid_x,D,353,2036,189,353,0.815080177413852
test_x,Df,372,2300,172,412,0.8206388206388207
test_x,D,372,2300,172,412,0.8206388206388207
