dataset,variable,TP,TN,FP,FN,accuracy
train_x,Df,3998,3933,59,110,0.9791358024691358
train_x,D,3816,3876,116,292,0.9496296296296296
valid_x,Df,437,448,6,9,0.9833333333333333
valid_x,D,411,441,13,35,0.9466666666666667
test_x,Df,497,483,6,14,0.98
test_x,D,477,473,16,34,0.95
