dataset,variable,TP,TN,FP,FN,accuracy
train_x,Df,3823,3934,234,109,0.9576543209876544
train_x,D,3932,4168,0,0,1.0
valid_x,Df,413,446,30,11,0.9544444444444444
valid_x,D,424,476,0,0,1.0
test_x,Df,477,481,26,16,0.958
test_x,D,493,507,0,0,1.0
