dataset,variable,TP,TN,FP,FN,accuracy
train_x,Df,3939,3386,271,504,0.904320987654321
train_x,D,3594,2493,1164,849,0.7514814814814815
valid_x,Df,442,370,27,61,0.9022222222222223
valid_x,D,402,270,127,101,0.7466666666666667
test_x,Df,476,404,42,78,0.88
test_x,D,439,297,149,115,0.736
