dataset,variable,TP,TN,FP,FN,accuracy
train_x,Df,3590,3747,246,517,0.9058024691358024
train_x,D,3590,3747,246,517,0.9058024691358024
valid_x,Df,400,427,23,50,0.9188888888888889
valid_x,D,400,427,23,50,0.9188888888888889
test_x,Df,438,464,28,70,0.902
test_x,D,438,464,28,70,0.902
