dataset,variable,TP,TN,FP,FN,accuracy
train_x,Df,2934,3608,902,656,0.8076543209876543
train_x,D,2934,3608,902,656,0.8076543209876543
valid_x,Df,341,406,82,71,0.83
valid_x,D,341,406,82,71,0.83
test_x,Df,366,431,100,103,0.797
test_x,D,366,431,100,103,0.797
