dataset,variable,TP,TN,FP,FN,accuracy
train_x,Df,67147,87207,4117,18,0.9739098612522005
train_x,D,67165,91324,0,0,1.0
valid_x,Df,7526,9599,483,2,0.9724588302101079
valid_x,D,7528,10082,0,0,1.0
test_x,Df,8303,10730,531,2,0.9727588674230808
test_x,D,8305,11261,0,0,1.0
