dataset,variable,TP,TN,FP,FN,accuracy
train_x,Df,3792,3462,646,200,0.8955555555555555
train_x,D,3792,3462,646,200,0.8955555555555555
valid_x,Df,426,376,72,26,0.8911111111111111
valid_x,D,426,376,72,26,0.8911111111111111
test_x,Df,495,405,79,21,0.9
test_x,D,495,405,79,21,0.9
