dataset,variable,TP,TN,FP,FN,accuracy
train_x,Df,3603,2464,835,1198,0.7490123456790123
train_x,D,3603,2464,835,1198,0.7490123456790123
valid_x,Df,384,252,114,150,0.7066666666666667
valid_x,D,384,252,114,150,0.7066666666666667
test_x,Df,449,282,125,144,0.731
test_x,D,449,282,125,144,0.731
