dataset,variable,TP,TN,FP,FN,accuracy
train_x,Df,42819,73046,15907,26716,0.7310648124779163
train_x,D,42819,73046,15907,26716,0.7310648124779163
valid_x,Df,4689,8114,1761,3046,0.7270300965360591
valid_x,D,4689,8114,1761,3046,0.7270300965360591
test_x,Df,5317,8988,1944,3318,0.731077835130577
test_x,D,5317,8988,1944,3318,0.731077835130577
