dataset,variable,TP,TN,FP,FN,accuracy
train_x,Df,2984,18351,1479,3560,0.8089406233411693
train_x,D,2984,18351,1479,3560,0.8089406233411693
valid_x,Df,317,1981,210,423,0.7840327533265097
valid_x,D,317,1981,210,423,0.7840327533265097
test_x,Df,338,2254,192,472,0.7960687960687961
test_x,D,338,2254,192,472,0.7960687960687961
