dataset,variable,TP,TN,FP,FN,accuracy
train_x,Df,3613,3512,519,456,0.8796296296296297
train_x,D,3391,2663,1368,678,0.7474074074074074
valid_x,Df,417,388,48,47,0.8944444444444445
valid_x,D,398,305,131,66,0.7811111111111111
test_x,Df,446,432,65,57,0.878
test_x,D,418,328,169,85,0.746
