dataset,variable,TP,TN,FP,FN,accuracy
train_x,Df,3881,3597,405,217,0.9232098765432099
train_x,D,3881,3597,405,217,0.9232098765432099
valid_x,Df,431,396,44,29,0.9188888888888889
valid_x,D,431,396,44,29,0.9188888888888889
test_x,Df,480,442,51,27,0.922
test_x,D,480,442,51,27,0.922
