dataset,variable,TP,TN,FP,FN,accuracy
train_x,Df,3940,3296,346,518,0.8933333333333333
train_x,D,3940,3296,346,518,0.8933333333333333
valid_x,Df,436,371,39,54,0.8966666666666666
valid_x,D,436,371,39,54,0.8966666666666666
test_x,Df,488,405,43,64,0.893
test_x,D,488,405,43,64,0.893
