dataset,variable,TP,TN,FP,FN,accuracy
train_x,Df,43607,72360,16529,25993,0.7317037775492305
train_x,D,43607,72360,16529,25993,0.7317037775492305
valid_x,Df,4747,8042,1863,2958,0.7262350936967632
valid_x,D,4747,8042,1863,2958,0.7262350936967632
test_x,Df,5431,8872,2094,3169,0.7310129817029541
test_x,D,5431,8872,2094,3169,0.7310129817029541
