dataset,variable,TP,TN,FP,FN,accuracy
train_x,Df,31453,4764,3338,0,0.915611174314246
train_x,D,31453,8102,0,0,1.0
valid_x,Df,3495,538,362,0,0.9176336746302617
valid_x,D,3495,900,0,0,1.0
test_x,Df,3894,591,397,2,0.9183046683046683
test_x,D,3896,988,0,0,1.0
