dataset,variable,TP,TN,FP,FN,accuracy
train_x,Df,71693,86784,0,11,0.9999305941143809
train_x,D,71704,86784,0,0,1.0
valid_x,Df,7976,9634,0,0,1.0
valid_x,D,7976,9634,0,0,1.0
test_x,Df,8824,10742,0,1,0.9999488935452547
test_x,D,8825,10742,0,0,1.0
