dataset,variable,TP,TN,FP,FN,accuracy
train_x,Df,3142,17717,1583,3932,0.7908925456889361
train_x,D,3142,17717,1583,3932,0.7908925456889361
valid_x,Df,335,1949,179,468,0.7792562265438417
valid_x,D,335,1949,179,468,0.7792562265438417
test_x,Df,396,2167,203,490,0.7871621621621622
test_x,D,396,2167,203,490,0.7871621621621622
