dataset,variable,TP,TN,FP,FN,accuracy
train_x,Df,69892,74514,5401,8682,0.9111420981897798
train_x,D,78574,79915,0,0,1.0
valid_x,Df,7742,8307,586,975,0.9113571834185122
valid_x,D,8717,8893,0,0,1.0
test_x,Df,8637,9161,676,1092,0.909639169988756
test_x,D,9729,9837,0,0,1.0
