dataset,variable,TP,TN,FP,FN,accuracy
train_x,Df,3740,3534,468,358,0.8980246913580247
train_x,D,3740,3534,468,358,0.8980246913580247
valid_x,Df,405,379,61,55,0.8711111111111111
valid_x,D,405,379,61,55,0.8711111111111111
test_x,Df,448,436,57,59,0.884
test_x,D,448,436,57,59,0.884
