dataset,variable,TP,TN,FP,FN,accuracy
train_x,Df,3148,2952,1060,940,0.7530864197530864
train_x,D,3148,2952,1060,940,0.7530864197530864
valid_x,Df,336,307,130,127,0.7144444444444444
valid_x,D,336,307,130,127,0.7144444444444444
test_x,Df,368,357,137,138,0.725
test_x,D,368,357,137,138,0.725
