dataset,variable,TP,TN,FP,FN,accuracy
train_x,Df,3818,3071,953,258,0.8504938271604938
train_x,D,3818,3071,953,258,0.8504938271604938
valid_x,Df,415,337,119,29,0.8355555555555556
valid_x,D,415,337,119,29,0.8355555555555556
test_x,Df,467,375,122,36,0.842
test_x,D,467,375,122,36,0.842
