dataset,variable,TP,TN,FP,FN,accuracy
train_x,Df,3691,2220,1080,1109,0.7297530864197531
train_x,D,3691,2220,1080,1109,0.7297530864197531
valid_x,Df,397,230,137,136,0.6966666666666667
valid_x,D,397,230,137,136,0.6966666666666667
test_x,Df,446,264,143,147,0.71
test_x,D,446,264,143,147,0.71
