dataset,variable,TP,TN,FP,FN,accuracy
train_x,Df,3967,2993,637,503,0.8592592592592593
train_x,D,3967,2993,637,503,0.8592592592592593
valid_x,Df,415,348,73,64,0.8477777777777777
valid_x,D,415,348,73,64,0.8477777777777777
test_x,Df,486,366,83,65,0.852
test_x,D,486,366,83,65,0.852
