,accuracy,f1_score,precision,recall,FNR,FPR,cross_entropy,FNR_diff,FPR_diff,equalized_odds,Equal_Opportunity,experiment,fold,eval_type,stage,WEOp,expected_acc,WEQ
0,0.815,0.8162859980139027,0.8353658536585366,0.7980582524271844,0.20194174757281552,0.1670103092783505,0.004852030263919616,0.06604557108294515,0.03356490080986699,0.06604557108294518,0.06604557108294518,reweight,4,ground,ground,0.13697291821330482,0.8133343880409802,0.13697291821330482
0,0.823,0.8245787908820614,0.8421052631578947,0.8077669902912621,0.19223300970873786,0.16082474226804125,0.006658552644980105,0.014769075217564015,0.06902444460955494,0.06902444460955494,0.014769075217563987,reduction,4,ground,ground,0.08462821953160282,0.8185636313807181,0.08462821953160282
0,0.814,0.8158415841584159,0.8323232323232324,0.8,0.2,0.1711340206185567,0.006931471805599453,0.16179178853861986,0.059142581172449665,0.16179178853861986,0.16179178853861986,LR,4,ground,ground,0.2370595397088937,0.8094817507976104,0.2370595397088937
