dataset,variable,TP,TN,FP,FN,accuracy
train_x,Df,7883,17635,128,728,0.9675437931295974
train_x,D,8611,17763,0,0,1.0
valid_x,Df,887,1950,18,76,0.967929034459229
valid_x,D,963,1968,0,0,1.0
test_x,Df,977,2170,12,97,0.9665233415233415
test_x,D,1074,2182,0,0,1.0
