dataset,variable,TP,TN,FP,FN,accuracy
train_x,Df,3687,3392,599,422,0.8739506172839506
train_x,D,3412,2644,1347,697,0.7476543209876543
valid_x,Df,402,400,61,37,0.8911111111111111
valid_x,D,383,315,146,56,0.7755555555555556
test_x,Df,430,433,79,58,0.863
test_x,D,412,337,175,76,0.749
