dataset,variable,TP,TN,FP,FN,accuracy
train_x,Df,3122,3411,1070,497,0.8065432098765432
train_x,D,2845,2568,1913,774,0.6682716049382716
valid_x,Df,344,389,104,63,0.8144444444444444
valid_x,D,321,285,208,86,0.6733333333333333
test_x,Df,380,422,133,65,0.802
test_x,D,349,316,239,96,0.665
