dataset,variable,TP,TN,FP,FN,accuracy
train_x,Df,37941,69571,17290,33687,0.6783562266150963
train_x,D,37941,69571,17290,33687,0.6783562266150963
valid_x,Df,4186,7729,1905,3790,0.6766042021578649
valid_x,D,4186,7729,1905,3790,0.6766042021578649
test_x,Df,4650,8582,2083,4251,0.6762751712153736
test_x,D,4650,8582,2083,4251,0.6762751712153736
