dataset,variable,TP,TN,FP,FN,accuracy
train_x,Df,7081,17383,371,1538,0.9276153641982331
train_x,D,8619,17754,0,0,1.0
valid_x,Df,784,1929,40,178,0.9256226543841692
valid_x,D,962,1969,0,0,1.0
test_x,Df,858,2133,57,209,0.9183297513048818
test_x,D,1067,2190,0,0,1.0
