dataset,variable,TP,TN,FP,FN,accuracy
train_x,Df,28052,3618,4497,3389,0.8006370714935788
train_x,D,28052,3618,4497,3389,0.8006370714935788
valid_x,Df,3060,407,493,435,0.7888509670079636
valid_x,D,3060,407,493,435,0.7888509670079636
test_x,Df,3477,443,532,431,0.8027851730493549
test_x,D,3477,443,532,431,0.8027851730493549
