dataset,variable,TP,TN,FP,FN,accuracy
train_x,Df,4096,3679,0,325,0.9598765432098766
train_x,D,4421,3679,0,0,1.0
valid_x,Df,472,389,0,39,0.9566666666666667
valid_x,D,511,389,0,0,1.0
test_x,Df,532,432,0,36,0.964
test_x,D,568,432,0,0,1.0
