dataset,variable,TP,TN,FP,FN,accuracy
train_x,Df,4041,3973,55,31,0.9893827160493828
train_x,D,4072,3679,349,0,0.9569135802469135
valid_x,Df,463,426,9,2,0.9877777777777778
valid_x,D,465,389,46,0,0.9488888888888889
test_x,Df,525,465,7,3,0.99
test_x,D,528,432,40,0,0.96
