dataset,variable,TP,TN,FP,FN,accuracy
train_x,Df,31500,4761,3294,0,0.9167235494880546
train_x,D,31500,8055,0,0,1.0
valid_x,Df,3497,523,375,0,0.9146757679180887
valid_x,D,3497,898,0,0,1.0
test_x,Df,3847,591,446,0,0.9086814086814087
test_x,D,3847,1037,0,0,1.0
