dataset,variable,TP,TN,FP,FN,accuracy
train_x,Df,3749,3739,269,343,0.9244444444444444
train_x,D,3749,3739,269,343,0.9244444444444444
valid_x,Df,419,396,35,50,0.9055555555555556
valid_x,D,419,396,35,50,0.9055555555555556
test_x,Df,456,457,39,48,0.913
test_x,D,456,457,39,48,0.913
