dataset,variable,TP,TN,FP,FN,accuracy
train_x,Df,3517,3674,501,408,0.8877777777777778
train_x,D,3517,3674,501,408,0.8877777777777778
valid_x,Df,394,397,60,49,0.8788888888888889
valid_x,D,394,397,60,49,0.8788888888888889
test_x,Df,427,451,68,54,0.878
test_x,D,427,451,68,54,0.878
