dataset,variable,TP,TN,FP,FN,accuracy
train_x,Df,1581,16822,1122,6849,0.6977705315841359
train_x,D,1581,16822,1122,6849,0.6977705315841359
valid_x,Df,162,1811,154,804,0.6731490958717161
valid_x,D,162,1811,154,804,0.6731490958717161
test_x,Df,183,2077,136,860,0.6941031941031941
test_x,D,183,2077,136,860,0.6941031941031941
