dataset,variable,TP,TN,FP,FN,accuracy
train_x,Df,28078,3623,4432,3422,0.8014410314751612
train_x,D,28078,3623,4432,3422,0.8014410314751612
valid_x,Df,3078,395,503,419,0.7902161547212742
valid_x,D,3078,395,503,419,0.7902161547212742
test_x,Df,3433,453,584,414,0.7956592956592956
test_x,D,3433,453,584,414,0.7956592956592956
