dataset,variable,TP,TN,FP,FN,accuracy
train_x,Df,33620,4480,1141,314,0.963215775502465
train_x,D,33934,5621,0,0,1.0
valid_x,Df,3731,483,145,36,0.9588168373151308
valid_x,D,3767,628,0,0,1.0
test_x,Df,4139,538,167,40,0.9576167076167076
test_x,D,4179,705,0,0,1.0
