dataset,variable,TP,TN,FP,FN,accuracy
train_x,Df,4000,3929,79,92,0.9788888888888889
train_x,D,3800,3883,125,292,0.9485185185185185
valid_x,Df,458,422,9,11,0.9777777777777777
valid_x,D,435,423,8,34,0.9533333333333334
test_x,Df,488,489,7,16,0.977
test_x,D,469,484,12,35,0.953
