dataset,variable,TP,TN,FP,FN,accuracy
train_x,Df,3827,3923,252,98,0.9567901234567902
train_x,D,3925,4175,0,0,1.0
valid_x,Df,435,425,32,8,0.9555555555555556
valid_x,D,443,457,0,0,1.0
test_x,Df,468,492,27,13,0.96
test_x,D,481,519,0,0,1.0
