dataset,variable,TP,TN,FP,FN,accuracy
train_x,Df,3941,3196,663,300,0.8811111111111111
train_x,D,3941,3196,663,300,0.8811111111111111
valid_x,Df,414,368,74,44,0.8688888888888889
valid_x,D,414,368,74,44,0.8688888888888889
test_x,Df,480,388,89,43,0.868
test_x,D,480,388,89,43,0.868
