dataset,variable,TP,TN,FP,FN,accuracy
train_x,Df,34278,4578,12,688,0.9823035696228132
train_x,D,34966,4590,0,0,1.0
valid_x,Df,3819,496,3,77,0.981797497155859
valid_x,D,3896,499,0,0,1.0
test_x,Df,4244,561,1,77,0.9840262133934057
test_x,D,4321,562,0,0,1.0
