dataset,variable,TP,TN,FP,FN,accuracy
train_x,Df,3873,3709,283,235,0.9360493827160494
train_x,D,3562,2796,1196,546,0.7849382716049382
valid_x,Df,417,428,26,29,0.9388888888888889
valid_x,D,382,307,147,64,0.7655555555555555
test_x,Df,486,456,33,25,0.942
test_x,D,452,353,136,59,0.805
