dataset,variable,TP,TN,FP,FN,accuracy
train_x,Df,3564,3474,541,521,0.8688888888888889
train_x,D,3564,3474,541,521,0.8688888888888889
valid_x,Df,392,390,64,54,0.8688888888888889
valid_x,D,392,390,64,54,0.8688888888888889
test_x,Df,444,419,76,61,0.863
test_x,D,444,419,76,61,0.863
