dataset,variable,TP,TN,FP,FN,accuracy
train_x,Df,3808,3695,297,300,0.9262962962962963
train_x,D,3808,3695,297,300,0.9262962962962963
valid_x,Df,419,417,37,27,0.9288888888888889
valid_x,D,419,417,37,27,0.9288888888888889
test_x,Df,484,453,36,27,0.937
test_x,D,484,453,36,27,0.937
