dataset,variable,TP,TN,FP,FN,accuracy
train_x,Df,28337,2319,4925,3974,0.7750221210972065
train_x,D,28337,2319,4925,3974,0.7750221210972065
valid_x,Df,3109,255,562,469,0.765415244596132
valid_x,D,3109,255,562,469,0.765415244596132
test_x,Df,3496,275,594,519,0.7721130221130221
test_x,D,3496,275,594,519,0.7721130221130221
