dataset,variable,TP,TN,FP,FN,accuracy
train_x,Df,69787,74589,5352,8760,0.9109585583766594
train_x,D,78547,79941,0,0,1.0
valid_x,Df,7794,8267,597,952,0.912038614423623
valid_x,D,8746,8864,0,0,1.0
test_x,Df,8618,9126,714,1109,0.9068329329994378
test_x,D,9727,9840,0,0,1.0
