dataset,variable,TP,TN,FP,FN,accuracy
train_x,Df,38676,70152,17645,32016,0.6866596419940816
train_x,D,38676,70152,17645,32016,0.6866596419940816
valid_x,Df,4282,7837,1977,3514,0.6881885292447473
valid_x,D,4282,7837,1977,3514,0.6881885292447473
test_x,Df,4767,8684,2103,4012,0.6874680568332823
test_x,D,4767,8684,2103,4012,0.6874680568332823
