dataset,variable,TP,TN,FP,FN,accuracy
train_x,Df,3400,17874,1373,3727,0.8066277394403579
train_x,D,3400,17874,1373,3727,0.8066277394403579
valid_x,Df,355,2002,143,431,0.8041624019106107
valid_x,D,355,2002,143,431,0.8041624019106107
test_x,Df,390,2200,153,513,0.7954545454545454
test_x,D,390,2200,153,513,0.7954545454545454
