dataset,variable,TP,TN,FP,FN,accuracy
train_x,Df,56308,55082,24798,22300,0.7028292362828732
train_x,D,56308,55082,24798,22300,0.7028292362828732
valid_x,Df,6104,6051,2819,2636,0.6902328222600795
valid_x,D,6104,6051,2819,2636,0.6902328222600795
test_x,Df,6942,6778,3117,2730,0.701180559104615
test_x,D,6942,6778,3117,2730,0.701180559104615
