dataset,variable,TP,TN,FP,FN,accuracy
train_x,Df,3584,17679,1556,3555,0.8062106620156214
train_x,D,3584,17679,1556,3555,0.8062106620156214
valid_x,Df,399,1971,169,392,0.8085977482088025
valid_x,D,399,1971,169,392,0.8085977482088025
test_x,Df,448,2185,185,438,0.8086609336609336
test_x,D,448,2185,185,438,0.8086609336609336
