dataset,variable,TP,TN,FP,FN,accuracy
train_x,Df,3946,3595,262,297,0.9309876543209876
train_x,D,3581,2680,1177,662,0.772962962962963
valid_x,Df,422,400,39,39,0.9133333333333333
valid_x,D,392,302,137,69,0.7711111111111111
test_x,Df,477,443,39,41,0.92
test_x,D,436,330,152,82,0.766
