dataset,variable,TP,TN,FP,FN,accuracy
train_x,Df,3665,2203,1097,1135,0.7244444444444444
train_x,D,3665,2203,1097,1135,0.7244444444444444
valid_x,Df,420,246,121,113,0.74
valid_x,D,420,246,121,113,0.74
test_x,Df,433,255,152,160,0.688
test_x,D,433,255,152,160,0.688
