dataset,variable,TP,TN,FP,FN,accuracy
train_x,Df,3780,3073,982,265,0.8460493827160493
train_x,D,3780,3073,982,265,0.8460493827160493
valid_x,Df,446,326,95,33,0.8577777777777778
valid_x,D,446,326,95,33,0.8577777777777778
test_x,Df,468,384,117,31,0.852
test_x,D,468,384,117,31,0.852
