dataset,variable,TP,TN,FP,FN,accuracy
train_x,Df,28247,3429,4623,3257,0.800788755182526
train_x,D,28247,3429,4623,3257,0.800788755182526
valid_x,Df,3127,398,526,344,0.8020477815699659
valid_x,D,3127,398,526,344,0.8020477815699659
test_x,Df,3459,432,582,410,0.7968462011058776
test_x,D,3459,432,582,410,0.7968462011058776
