dataset,variable,TP,TN,FP,FN,accuracy
train_x,Df,3651,3282,893,274,0.855925925925926
train_x,D,3651,3282,893,274,0.855925925925926
valid_x,Df,412,366,91,31,0.8644444444444445
valid_x,D,412,366,91,31,0.8644444444444445
test_x,Df,459,404,115,22,0.863
test_x,D,459,404,115,22,0.863
