dataset,variable,TP,TN,FP,FN,accuracy
train_x,Df,3796,3468,647,189,0.8967901234567901
train_x,D,3796,3468,647,189,0.8967901234567901
valid_x,Df,437,370,69,24,0.8966666666666666
valid_x,D,437,370,69,24,0.8966666666666666
test_x,Df,490,410,76,24,0.9
test_x,D,490,410,76,24,0.9
