dataset,variable,TP,TN,FP,FN,accuracy
train_x,Df,3601,2456,842,1201,0.7477777777777778
train_x,D,3601,2456,842,1201,0.7477777777777778
valid_x,Df,413,273,93,121,0.7622222222222222
valid_x,D,413,273,93,121,0.7622222222222222
test_x,Df,441,283,125,151,0.724
test_x,D,441,283,125,151,0.724
