dataset,variable,TP,TN,FP,FN,accuracy
train_x,Df,35085,794,3019,658,0.9070431792901203
train_x,D,35085,794,3019,658,0.9070431792901203
valid_x,Df,3866,93,342,94,0.9007963594994312
valid_x,D,3866,93,342,94,0.9007963594994312
test_x,Df,4305,100,390,88,0.9021093590006144
test_x,D,4305,100,390,88,0.9021093590006144
