dataset,variable,TP,TN,FP,FN,accuracy
train_x,Df,35696,3857,0,3,0.9999241581555264
train_x,D,35699,3857,0,0,1.0
valid_x,Df,3984,411,0,0,1.0
valid_x,D,3984,411,0,0,1.0
test_x,Df,4411,470,0,2,0.9995904157280361
test_x,D,4413,470,0,0,1.0
