dataset,variable,TP,TN,FP,FN,accuracy
train_x,Df,3831,3655,353,261,0.9241975308641975
train_x,D,3831,3655,353,261,0.9241975308641975
valid_x,Df,433,385,46,36,0.9088888888888889
valid_x,D,433,385,46,36,0.9088888888888889
test_x,Df,466,453,43,38,0.919
test_x,D,466,453,43,38,0.919
