dataset,variable,TP,TN,FP,FN,accuracy
train_x,Df,3840,3537,344,379,0.9107407407407407
train_x,D,3840,3537,344,379,0.9107407407407407
valid_x,Df,437,373,42,48,0.9
valid_x,D,437,373,42,48,0.9
test_x,Df,467,440,42,51,0.907
test_x,D,467,440,42,51,0.907
