dataset,variable,TP,TN,FP,FN,accuracy
train_x,Df,69542,74563,5409,8974,0.9092486497400434
train_x,D,78516,79972,0,0,1.0
valid_x,Df,7746,8251,599,1014,0.908404315729699
valid_x,D,8760,8850,0,0,1.0
test_x,Df,8601,9167,656,1143,0.9080594879133235
test_x,D,9744,9823,0,0,1.0
