dataset,variable,TP,TN,FP,FN,accuracy
train_x,Df,3855,3676,326,243,0.9297530864197531
train_x,D,3855,3676,326,243,0.9297530864197531
valid_x,Df,429,402,38,31,0.9233333333333333
valid_x,D,429,402,38,31,0.9233333333333333
test_x,Df,477,451,42,30,0.928
test_x,D,477,451,42,30,0.928
