dataset,variable,TP,TN,FP,FN,accuracy
train_x,Df,3868,3548,313,371,0.9155555555555556
train_x,D,3868,3548,313,371,0.9155555555555556
valid_x,Df,431,399,36,34,0.9222222222222223
valid_x,D,431,399,36,34,0.9222222222222223
test_x,Df,477,440,42,41,0.917
test_x,D,477,440,42,41,0.917
