dataset,variable,TP,TN,FP,FN,accuracy
train_x,Df,39430,80120,13297,25641,0.754315784160315
train_x,D,39430,80120,13297,25641,0.754315784160315
valid_x,Df,4256,8892,1488,2974,0.7466212379329926
valid_x,D,4256,8892,1488,2974,0.7466212379329926
test_x,Df,4823,9907,1626,3211,0.7527980783973016
test_x,D,4823,9907,1626,3211,0.7527980783973016
