dataset,variable,TP,TN,FP,FN,accuracy
train_x,Df,43073,72663,16243,26509,0.7302508707283832
train_x,D,43073,72663,16243,26509,0.7302508707283832
valid_x,Df,4832,8064,1769,2945,0.7323111868256672
valid_x,D,4832,8064,1769,2945,0.7323111868256672
test_x,Df,5265,9021,2000,3281,0.7301068124904175
test_x,D,5265,9021,2000,3281,0.7301068124904175
