dataset,variable,TP,TN,FP,FN,accuracy
train_x,Df,3722,3507,458,413,0.8924691358024691
train_x,D,3722,3507,458,413,0.8924691358024691
valid_x,Df,402,403,51,44,0.8944444444444445
valid_x,D,402,403,51,44,0.8944444444444445
test_x,Df,428,444,72,56,0.872
test_x,D,428,444,72,56,0.872
