dataset,variable,TP,TN,FP,FN,accuracy
train_x,Df,3111,2910,1069,1010,0.7433333333333333
train_x,D,3111,2910,1069,1010,0.7433333333333333
valid_x,Df,330,342,123,105,0.7466666666666667
valid_x,D,330,342,123,105,0.7466666666666667
test_x,Df,364,363,136,137,0.727
test_x,D,364,363,136,137,0.727
