dataset,variable,TP,TN,FP,FN,accuracy
train_x,Df,55887,55242,24606,22754,0.7011779997349974
train_x,D,55887,55242,24606,22754,0.7011779997349974
valid_x,Df,6179,6214,2725,2492,0.703747870528109
valid_x,D,6179,6214,2725,2492,0.703747870528109
test_x,Df,6854,6905,2953,2854,0.7032096493918021
test_x,D,6854,6905,2953,2854,0.7032096493918021
