dataset,variable,TP,TN,FP,FN,accuracy
train_x,Df,3589,3656,545,310,0.8944444444444445
train_x,D,3281,2724,1477,618,0.741358024691358
valid_x,Df,413,406,53,28,0.91
valid_x,D,376,306,153,65,0.7577777777777778
test_x,Df,469,432,59,40,0.901
test_x,D,436,339,152,73,0.775
