,accuracy,f1_score,precision,recall,FNR,FPR,cross_entropy,FNR_diff,FPR_diff,equalized_odds,Equal_Opportunity,experiment,fold,eval_type,stage,WEOp,expected_acc,WEQ
0,0.799,0.7971745711402625,0.79,0.8044806517311609,0.1955193482688391,0.206286836935167,-0.006238324625039509,0.021173551072686536,0.04851235859427641,0.04851235859427641,0.02117355107268648,reweight,5,ground,ground,0.014780674574293884,0.8029122302657581,0.046677243527071505
0,0.796,0.7935222672064777,0.7887323943661971,0.7983706720977597,0.20162932790224034,0.206286836935167,-0.008643404597347639,0.029819084213896896,0.039487215858718394,0.039487215858718394,0.029819084213896896,reduction,5,ground,ground,0.0066801714146420554,0.8003773944833904,0.03810690252271101
0,0.804,0.8008130081300814,0.7991886409736308,0.8024439918533605,0.1975560081466395,0.1944990176817289,-0.011090354888959124,0.08403378162023692,0.11097911273449412,0.11097911273449412,0.08403378162023689,LR,5,ground,ground,0.12556186588767826,0.808048384413991,0.12556186588767826
