dataset,variable,TP,TN,FP,FN,accuracy
train_x,Df,38775,69768,18066,31880,0.684861409940122
train_x,D,38775,69768,18066,31880,0.684861409940122
valid_x,Df,4359,7716,1973,3562,0.6856899488926746
valid_x,D,4359,7716,1973,3562,0.6856899488926746
test_x,Df,4789,8693,2182,3902,0.6890524379024839
test_x,D,4789,8693,2182,3902,0.6890524379024839
