dataset,variable,TP,TN,FP,FN,accuracy
train_x,Df,3810,3704,289,297,0.9276543209876543
train_x,D,3810,3704,289,297,0.9276543209876543
valid_x,Df,419,422,28,31,0.9344444444444444
valid_x,D,419,422,28,31,0.9344444444444444
test_x,Df,460,458,34,48,0.918
test_x,D,460,458,34,48,0.918
