dataset,variable,TP,TN,FP,FN,accuracy
train_x,Df,3533,3463,566,538,0.8637037037037038
train_x,D,3533,3463,566,538,0.8637037037037038
valid_x,Df,401,398,46,55,0.8877777777777778
valid_x,D,401,398,46,55,0.8877777777777778
test_x,Df,433,430,61,76,0.863
test_x,D,433,430,61,76,0.863
