,experiment,fold,eval_type,stage,expected_acc,WEOp,WEQ
0,LR,9,ground,ground,0.8002450657353551,0.10177928078733056,0.10177928078733056
