dataset,variable,TP,TN,FP,FN,accuracy
train_x,Df,3302,2677,1303,818,0.7381481481481481
train_x,D,3302,2677,1303,818,0.7381481481481481
valid_x,Df,352,306,158,84,0.7311111111111112
valid_x,D,352,306,158,84,0.7311111111111112
test_x,Df,399,335,164,102,0.734
test_x,D,399,335,164,102,0.734
