dataset,variable,TP,TN,FP,FN,accuracy
train_x,Df,3495,3692,494,419,0.8872839506172839
train_x,D,3495,3692,494,419,0.8872839506172839
valid_x,Df,392,406,53,49,0.8866666666666667
valid_x,D,392,406,53,49,0.8866666666666667
test_x,Df,439,451,55,55,0.89
test_x,D,439,451,55,55,0.89
