dataset,variable,TP,TN,FP,FN,accuracy
train_x,Df,3740,3753,249,358,0.9250617283950617
train_x,D,3740,3753,249,358,0.9250617283950617
valid_x,Df,413,408,32,47,0.9122222222222223
valid_x,D,413,408,32,47,0.9122222222222223
test_x,Df,462,461,32,45,0.923
test_x,D,462,461,32,45,0.923
