dataset,variable,TP,TN,FP,FN,accuracy
train_x,Df,3882,3387,629,202,0.8974074074074074
train_x,D,3882,3387,629,202,0.8974074074074074
valid_x,Df,441,354,76,29,0.8833333333333333
valid_x,D,441,354,76,29,0.8833333333333333
test_x,Df,488,403,86,23,0.891
test_x,D,488,403,86,23,0.891
