dataset,variable,TP,TN,FP,FN,accuracy
train_x,Df,69734,74470,5420,8865,0.9098675617866224
train_x,D,78599,79890,0,0,1.0
valid_x,Df,7700,8311,589,1010,0.9091993185689949
valid_x,D,8710,8900,0,0,1.0
test_x,Df,8630,9200,655,1081,0.9112746601247061
test_x,D,9711,9855,0,0,1.0
