dataset,variable,TP,TN,FP,FN,accuracy
train_x,Df,4125,3642,0,333,0.9588888888888889
train_x,D,4458,3642,0,0,1.0
valid_x,Df,463,409,1,27,0.9688888888888889
valid_x,D,490,410,0,0,1.0
test_x,Df,509,448,0,43,0.957
test_x,D,552,448,0,0,1.0
