dataset,variable,TP,TN,FP,FN,accuracy
train_x,Df,4068,3945,57,30,0.9892592592592593
train_x,D,4098,3642,360,0,0.9555555555555556
valid_x,Df,457,433,7,3,0.9888888888888889
valid_x,D,460,410,30,0,0.9666666666666667
test_x,Df,504,488,5,3,0.992
test_x,D,507,448,45,0,0.955
