dataset,variable,TP,TN,FP,FN,accuracy
train_x,Df,6057,18829,447,1041,0.9435807992720103
train_x,D,7098,19276,0,0,1.0
valid_x,Df,667,2095,44,125,0.9423404981235073
valid_x,D,792,2139,0,0,1.0
test_x,Df,735,2333,50,138,0.9422604422604423
test_x,D,873,2383,0,0,1.0
