dataset,variable,TP,TN,FP,FN,accuracy
train_x,Df,39280,76674,14723,27812,0.7316217529292254
train_x,D,39280,76674,14723,27812,0.7316217529292254
valid_x,Df,4270,8534,1656,3150,0.7270868824531517
valid_x,D,4270,8534,1656,3150,0.7270868824531517
test_x,Df,4914,9417,1892,3343,0.7324440355719105
test_x,D,4914,9417,1892,3343,0.7324440355719105
