dataset,variable,TP,TN,FP,FN,accuracy
train_x,Df,71709,86772,0,8,0.999949523310766
train_x,D,71717,86772,0,0,1.0
valid_x,Df,7935,9672,0,3,0.9998296422487223
valid_x,D,7938,9672,0,0,1.0
test_x,Df,8849,10716,0,1,0.9999488909332516
test_x,D,8850,10716,0,0,1.0
