dataset,variable,TP,TN,FP,FN,accuracy
train_x,Df,3281,2692,1287,840,0.7374074074074074
train_x,D,3281,2692,1287,840,0.7374074074074074
valid_x,Df,350,317,148,85,0.7411111111111112
valid_x,D,350,317,148,85,0.7411111111111112
test_x,Df,380,344,155,121,0.724
test_x,D,380,344,155,121,0.724
