dataset,variable,TP,TN,FP,FN,accuracy
train_x,Df,3646,3160,865,429,0.840246913580247
train_x,D,3646,3160,865,429,0.840246913580247
valid_x,Df,407,330,110,53,0.8188888888888889
valid_x,D,407,330,110,53,0.8188888888888889
test_x,Df,455,380,119,46,0.835
test_x,D,455,380,119,46,0.835
