dataset,variable,TP,TN,FP,FN,accuracy
train_x,Df,3304,18618,1405,3047,0.8311973913702889
train_x,D,3304,18618,1405,3047,0.8311973913702889
valid_x,Df,379,2074,151,327,0.8369157284203343
valid_x,D,379,2074,151,327,0.8369157284203343
test_x,Df,413,2301,171,371,0.8335380835380836
test_x,D,413,2301,171,371,0.8335380835380836
