dataset,variable,TP,TN,FP,FN,accuracy
train_x,Df,3696,3107,908,389,0.8398765432098766
train_x,D,3696,3107,908,389,0.8398765432098766
valid_x,Df,386,363,102,49,0.8322222222222222
valid_x,D,386,363,102,49,0.8322222222222222
test_x,Df,456,371,113,60,0.827
test_x,D,456,371,113,60,0.827
