dataset,variable,TP,TN,FP,FN,accuracy
train_x,Df,3855,3440,596,209,0.9006172839506172
train_x,D,3855,3440,596,209,0.9006172839506172
valid_x,Df,390,411,73,26,0.89
valid_x,D,390,411,73,26,0.89
test_x,Df,447,445,75,33,0.892
test_x,D,447,445,75,33,0.892
