dataset,variable,TP,TN,FP,FN,accuracy
train_x,Df,3605,2453,846,1196,0.7479012345679013
train_x,D,3605,2453,846,1196,0.7479012345679013
valid_x,Df,376,279,87,158,0.7277777777777777
valid_x,D,376,279,87,158,0.7277777777777777
test_x,Df,427,312,95,166,0.739
test_x,D,427,312,95,166,0.739
