dataset,variable,TP,TN,FP,FN,accuracy
train_x,Df,34996,816,3033,711,0.9053493780968753
train_x,D,34996,816,3033,711,0.9053493780968753
valid_x,Df,3893,94,328,80,0.9071672354948805
valid_x,D,3893,94,328,80,0.9071672354948805
test_x,Df,4335,105,362,81,0.9092770837599836
test_x,D,4335,105,362,81,0.9092770837599836
