dataset,variable,TP,TN,FP,FN,accuracy
train_x,Df,4072,3991,25,12,0.9954320987654321
train_x,D,4084,3888,128,0,0.9841975308641975
valid_x,Df,467,426,4,3,0.9922222222222222
valid_x,D,470,414,16,0,0.9822222222222222
test_x,Df,509,488,1,2,0.997
test_x,D,511,476,13,0,0.987
