dataset,variable,TP,TN,FP,FN,accuracy
train_x,Df,4097,3888,0,115,0.9858024691358025
train_x,D,4212,3888,0,0,1.0
valid_x,Df,471,414,0,15,0.9833333333333333
valid_x,D,486,414,0,0,1.0
test_x,Df,510,476,0,14,0.986
test_x,D,524,476,0,0,1.0
