dataset,variable,TP,TN,FP,FN,accuracy
train_x,Df,6299,19464,559,52,0.9768332448623644
train_x,D,6351,20023,0,0,1.0
valid_x,Df,701,2135,90,5,0.9675878539747527
valid_x,D,706,2225,0,0,1.0
test_x,Df,775,2397,75,9,0.9742014742014742
test_x,D,784,2472,0,0,1.0
