dataset,variable,TP,TN,FP,FN,accuracy
train_x,Df,3740,3501,478,381,0.8939506172839506
train_x,D,3740,3501,478,381,0.8939506172839506
valid_x,Df,391,391,65,53,0.8688888888888889
valid_x,D,391,391,65,53,0.8688888888888889
test_x,Df,454,423,77,46,0.877
test_x,D,454,423,77,46,0.877
