dataset,variable,TP,TN,FP,FN,accuracy
train_x,Df,3173,2935,1045,947,0.7540740740740741
train_x,D,3173,2935,1045,947,0.7540740740740741
valid_x,Df,332,340,124,104,0.7466666666666667
valid_x,D,332,340,124,104,0.7466666666666667
test_x,Df,378,346,153,123,0.724
test_x,D,378,346,153,123,0.724
