dataset,variable,TP,TN,FP,FN,accuracy
train_x,Df,3565,3496,525,514,0.8717283950617284
train_x,D,3565,3496,525,514,0.8717283950617284
valid_x,Df,387,367,73,73,0.8377777777777777
valid_x,D,387,367,73,73,0.8377777777777777
test_x,Df,427,429,74,70,0.856
test_x,D,427,429,74,70,0.856
