dataset,variable,TP,TN,FP,FN,accuracy
train_x,Df,3819,3727,271,283,0.931604938271605
train_x,D,3819,3727,271,283,0.931604938271605
valid_x,Df,414,396,46,44,0.9
valid_x,D,414,396,46,44,0.9
test_x,Df,459,453,42,46,0.912
test_x,D,459,453,42,46,0.912
