dataset,variable,TP,TN,FP,FN,accuracy
train_x,Df,67257,87054,4166,12,0.973638549047568
train_x,D,67269,91220,0,0,1.0
valid_x,Df,7466,9664,480,0,0.9727427597955707
valid_x,D,7466,10144,0,0,1.0
test_x,Df,8262,10819,484,1,0.9752121026270061
test_x,D,8263,11303,0,0,1.0
