dataset,variable,TP,TN,FP,FN,accuracy
train_x,Df,6014,18813,440,1107,0.9413437476302419
train_x,D,7121,19253,0,0,1.0
valid_x,Df,654,2109,59,109,0.9426816786079836
valid_x,D,763,2168,0,0,1.0
test_x,Df,744,2302,75,135,0.9355036855036855
test_x,D,879,2377,0,0,1.0
