dataset,variable,TP,TN,FP,FN,accuracy
train_x,Df,3855,3644,354,247,0.9258024691358024
train_x,D,3855,3644,354,247,0.9258024691358024
valid_x,Df,428,397,45,30,0.9166666666666666
valid_x,D,428,397,45,30,0.9166666666666666
test_x,Df,470,457,38,35,0.927
test_x,D,470,457,38,35,0.927
