dataset,variable,TP,TN,FP,FN,accuracy
train_x,Df,3865,3529,344,362,0.9128395061728395
train_x,D,3865,3529,344,362,0.9128395061728395
valid_x,Df,431,382,42,45,0.9033333333333333
valid_x,D,431,382,42,45,0.9033333333333333
test_x,Df,471,444,37,48,0.915
test_x,D,471,444,37,48,0.915
