dataset,variable,TP,TN,FP,FN,accuracy
train_x,Df,3889,17610,364,4511,0.815158868582695
train_x,D,8400,17974,0,0,1.0
valid_x,Df,437,1944,36,514,0.8123507335380417
valid_x,D,951,1980,0,0,1.0
test_x,Df,476,2129,39,612,0.8000614250614251
test_x,D,1088,2168,0,0,1.0
