dataset,variable,TP,TN,FP,FN,accuracy
train_x,Df,28049,3631,4447,3429,0.8008898776418243
train_x,D,28049,3631,4447,3429,0.8008898776418243
valid_x,Df,3101,399,505,390,0.7963594994311718
valid_x,D,3101,399,505,390,0.7963594994311718
test_x,Df,3444,437,571,431,0.7947982797460578
test_x,D,3444,437,571,431,0.7947982797460578
