dataset,variable,TP,TN,FP,FN,accuracy
train_x,Df,1563,16793,1162,6855,0.6960148636863459
train_x,D,1563,16793,1162,6855,0.6960148636863459
valid_x,Df,173,1842,122,794,0.6874786762197203
valid_x,D,173,1842,122,794,0.6874786762197203
test_x,Df,206,2063,140,848,0.696653361989561
test_x,D,206,2063,140,848,0.696653361989561
