dataset,variable,TP,TN,FP,FN,accuracy
train_x,Df,3828,3685,331,256,0.9275308641975308
train_x,D,3828,3685,331,256,0.9275308641975308
valid_x,Df,438,387,43,32,0.9166666666666666
valid_x,D,438,387,43,32,0.9166666666666666
test_x,Df,475,441,48,36,0.916
test_x,D,475,441,48,36,0.916
