dataset,variable,TP,TN,FP,FN,accuracy
train_x,Df,3839,3568,320,373,0.9144444444444444
train_x,D,3839,3568,320,373,0.9144444444444444
valid_x,Df,439,372,42,47,0.9011111111111111
valid_x,D,439,372,42,47,0.9011111111111111
test_x,Df,475,428,48,49,0.903
test_x,D,475,428,48,49,0.903
