dataset,variable,TP,TN,FP,FN,accuracy
train_x,Df,3932,3595,278,295,0.9292592592592592
train_x,D,3573,2688,1185,654,0.772962962962963
valid_x,Df,439,394,30,37,0.9255555555555556
valid_x,D,398,293,131,78,0.7677777777777778
test_x,Df,475,438,43,44,0.913
test_x,D,438,331,150,81,0.769
