dataset,variable,TP,TN,FP,FN,accuracy
train_x,Df,39207,69618,18166,31498,0.6866407132356189
train_x,D,39207,69618,18166,31498,0.6866407132356189
valid_x,Df,4296,7708,2018,3588,0.6816581487791028
valid_x,D,4296,7708,2018,3588,0.6816581487791028
test_x,Df,4729,8610,2278,3949,0.6817438413574568
test_x,D,4729,8610,2278,3949,0.6817438413574568
