dataset,variable,TP,TN,FP,FN,accuracy
train_x,Df,67249,87103,4128,9,0.973897242079892
train_x,D,67258,91231,0,0,1.0
valid_x,Df,7435,9705,467,3,0.9733106189664963
valid_x,D,7438,10172,0,0,1.0
test_x,Df,8300,10729,535,2,0.9725544311560871
test_x,D,8302,11264,0,0,1.0
