dataset,variable,TP,TN,FP,FN,accuracy
train_x,Df,3750,2156,1144,1050,0.7291358024691358
train_x,D,3750,2156,1144,1050,0.7291358024691358
valid_x,Df,425,231,136,108,0.7288888888888889
valid_x,D,425,231,136,108,0.7288888888888889
test_x,Df,451,247,160,142,0.698
test_x,D,451,247,160,142,0.698
