dataset,variable,TP,TN,FP,FN,accuracy
train_x,Df,3858,3004,1036,202,0.8471604938271605
train_x,D,3858,3004,1036,202,0.8471604938271605
valid_x,Df,439,311,122,28,0.8333333333333334
valid_x,D,439,311,122,28,0.8333333333333334
test_x,Df,475,368,136,21,0.843
test_x,D,475,368,136,21,0.843
