dataset,variable,TP,TN,FP,FN,accuracy
train_x,Df,3895,3416,582,207,0.9025925925925926
train_x,D,3895,3416,582,207,0.9025925925925926
valid_x,Df,434,370,72,24,0.8933333333333333
valid_x,D,434,370,72,24,0.8933333333333333
test_x,Df,471,412,83,34,0.883
test_x,D,471,412,83,34,0.883
