dataset,variable,TP,TN,FP,FN,accuracy
train_x,Df,3250,3180,823,847,0.7938271604938272
train_x,D,4097,4003,0,0,1.0
valid_x,Df,370,340,98,92,0.7888888888888889
valid_x,D,462,438,0,0,1.0
test_x,Df,411,403,99,87,0.814
test_x,D,498,502,0,0,1.0
