dataset,variable,TP,TN,FP,FN,accuracy
train_x,Df,3856,3799,217,228,0.9450617283950618
train_x,D,3242,3161,855,842,0.7904938271604939
valid_x,Df,447,409,21,23,0.9511111111111111
valid_x,D,375,343,87,95,0.7977777777777778
test_x,Df,485,464,25,26,0.949
test_x,D,409,400,89,102,0.809
