dataset,variable,TP,TN,FP,FN,accuracy
train_x,Df,3667,3138,893,402,0.8401234567901235
train_x,D,3667,3138,893,402,0.8401234567901235
valid_x,Df,408,341,90,61,0.8322222222222222
valid_x,D,408,341,90,61,0.8322222222222222
test_x,Df,454,389,113,44,0.843
test_x,D,454,389,113,44,0.843
