dataset,variable,TP,TN,FP,FN,accuracy
train_x,Df,6296,19377,646,55,0.9734207932054296
train_x,D,6351,20023,0,0,1.0
valid_x,Df,703,2146,79,3,0.9720232002729444
valid_x,D,706,2225,0,0,1.0
test_x,Df,781,2376,96,3,0.9695945945945946
test_x,D,784,2472,0,0,1.0
