dataset,variable,TP,TN,FP,FN,accuracy
train_x,Df,6121,19333,475,445,0.9651171608402215
train_x,D,6566,19808,0,0,1.0
valid_x,Df,674,2163,46,48,0.967929034459229
valid_x,D,722,2209,0,0,1.0
test_x,Df,748,2393,57,58,0.9646805896805897
test_x,D,806,2450,0,0,1.0
