dataset,variable,TP,TN,FP,FN,accuracy
train_x,Df,65039,84615,6600,2234,0.944260764221897
train_x,D,67273,91215,0,0,1.0
valid_x,Df,7178,9434,746,252,0.943327654741624
valid_x,D,7430,10180,0,0,1.0
test_x,Df,8015,10460,812,280,0.9441917514182041
test_x,D,8295,11272,0,0,1.0
