dataset,variable,TP,TN,FP,FN,accuracy
train_x,Df,32321,3955,3277,2,0.9171027682973075
train_x,D,32323,7232,0,0,1.0
valid_x,Df,3594,428,373,0,0.9151308304891923
valid_x,D,3594,801,0,0,1.0
test_x,Df,3986,474,423,1,0.9131859131859131
test_x,D,3987,897,0,0,1.0
