dataset,variable,TP,TN,FP,FN,accuracy
train_x,Df,3350,17905,1331,3788,0.8059073329794495
train_x,D,3350,17905,1331,3788,0.8059073329794495
valid_x,Df,387,1973,162,409,0.8051859433640396
valid_x,D,387,1973,162,409,0.8051859433640396
test_x,Df,412,2208,166,470,0.8046683046683046
test_x,D,412,2208,166,470,0.8046683046683046
