dataset,variable,TP,TN,FP,FN,accuracy
train_x,Df,1620,16760,1122,6872,0.6968984606051414
train_x,D,1620,16760,1122,6872,0.6968984606051414
valid_x,Df,151,1876,142,762,0.6915728420334357
valid_x,D,151,1876,142,762,0.6915728420334357
test_x,Df,187,2073,149,847,0.6941031941031941
test_x,D,187,2073,149,847,0.6941031941031941
