dataset,variable,TP,TN,FP,FN,accuracy
train_x,Df,3040,17722,1555,4057,0.7872146811253508
train_x,D,3040,17722,1555,4057,0.7872146811253508
valid_x,Df,351,1972,173,435,0.7925622654384169
valid_x,D,351,1972,173,435,0.7925622654384169
test_x,Df,379,2180,196,501,0.7859336609336609
test_x,D,379,2180,196,501,0.7859336609336609
