dataset,variable,TP,TN,FP,FN,accuracy
train_x,Df,68103,83547,5352,1486,0.956854777648781
train_x,D,69589,88899,0,0,1.0
valid_x,Df,7570,9280,597,163,0.9568427030096536
valid_x,D,7733,9877,0,0,1.0
test_x,Df,8417,10270,714,166,0.9550263198241938
test_x,D,8583,10984,0,0,1.0
