dataset,variable,TP,TN,FP,FN,accuracy
train_x,Df,38693,76856,14375,28565,0.7290663705367565
train_x,D,38693,76856,14375,28565,0.7290663705367565
valid_x,Df,4217,8575,1597,3221,0.7264054514480409
valid_x,D,4217,8575,1597,3221,0.7264054514480409
test_x,Df,4845,9430,1834,3457,0.7295819278339978
test_x,D,4845,9430,1834,3457,0.7295819278339978
