dataset,variable,TP,TN,FP,FN,accuracy
train_x,Df,1719,16707,1220,6728,0.6986426025631304
train_x,D,1719,16707,1220,6728,0.6986426025631304
valid_x,Df,197,1829,144,761,0.6912316615489594
valid_x,D,197,1829,144,761,0.6912316615489594
test_x,Df,190,2067,155,844,0.6931818181818182
test_x,D,190,2067,155,844,0.6931818181818182
