dataset,variable,TP,TN,FP,FN,accuracy
train_x,Df,3153,2993,1003,951,0.7587654320987655
train_x,D,3123,2361,1635,981,0.677037037037037
valid_x,Df,333,343,110,114,0.7511111111111111
valid_x,D,340,264,189,107,0.6711111111111111
test_x,Df,389,364,130,117,0.753
test_x,D,383,289,205,123,0.672
