dataset,variable,TP,TN,FP,FN,accuracy
train_x,Df,3649,2835,507,1109,0.8004938271604938
train_x,D,4758,3342,0,0,1.0
valid_x,Df,392,320,51,137,0.7911111111111111
valid_x,D,529,371,0,0,1.0
test_x,Df,461,354,58,127,0.815
test_x,D,588,412,0,0,1.0
