dataset,variable,TP,TN,FP,FN,accuracy
train_x,Df,33559,5726,269,1,0.9931740614334471
train_x,D,33560,5995,0,0,1.0
valid_x,Df,3726,641,28,0,0.9936291240045506
valid_x,D,3726,669,0,0,1.0
test_x,Df,4135,703,45,1,0.9905814905814906
test_x,D,4136,748,0,0,1.0
