dataset,variable,TP,TN,FP,FN,accuracy
train_x,Df,65177,84494,6745,2073,0.9443620692918752
train_x,D,67250,91239,0,0,1.0
valid_x,Df,7238,9400,729,243,0.9448040885860307
valid_x,D,7481,10129,0,0,1.0
test_x,Df,8027,10464,835,240,0.9450577532454257
test_x,D,8267,11299,0,0,1.0
