dataset,variable,TP,TN,FP,FN,accuracy
train_x,Df,3854,3748,280,218,0.9385185185185185
train_x,D,3527,2797,1231,545,0.7807407407407407
valid_x,Df,440,409,26,25,0.9433333333333334
valid_x,D,402,308,127,63,0.7888888888888889
test_x,Df,507,451,21,21,0.958
test_x,D,467,351,121,61,0.818
