dataset,variable,TP,TN,FP,FN,accuracy
train_x,Df,35029,836,3001,689,0.906712172923777
train_x,D,35029,836,3001,689,0.906712172923777
valid_x,Df,3892,80,353,70,0.903754266211604
valid_x,D,3892,80,353,70,0.903754266211604
test_x,Df,4316,97,371,100,0.9035626535626535
test_x,D,4316,97,371,100,0.9035626535626535
