dataset,variable,TP,TN,FP,FN,accuracy
train_x,Df,3888,3637,244,331,0.9290123456790124
train_x,D,3555,2677,1204,664,0.7693827160493827
valid_x,Df,442,392,23,43,0.9266666666666666
valid_x,D,418,304,111,67,0.8022222222222222
test_x,Df,479,450,32,39,0.929
test_x,D,436,331,151,82,0.767
