dataset,variable,TP,TN,FP,FN,accuracy
train_x,Df,33548,1201,3732,1074,0.8784982935153584
train_x,D,33548,1201,3732,1074,0.8784982935153584
valid_x,Df,3725,120,428,122,0.8748577929465301
valid_x,D,3725,120,428,122,0.8748577929465301
test_x,Df,4122,147,462,153,0.8740786240786241
test_x,D,4122,147,462,153,0.8740786240786241
