dataset,variable,TP,TN,FP,FN,accuracy
train_x,Df,3378,17923,1303,3770,0.8076514749374384
train_x,D,3378,17923,1303,3770,0.8076514749374384
valid_x,Df,359,1990,144,438,0.8014329580348004
valid_x,D,359,1990,144,438,0.8014329580348004
test_x,Df,425,2226,159,446,0.8141891891891891
test_x,D,425,2226,159,446,0.8141891891891891
