dataset,variable,TP,TN,FP,FN,accuracy
train_x,Df,65507,84282,7191,1509,0.9451066004580759
train_x,D,67016,91473,0,0,1.0
valid_x,Df,7266,9410,774,160,0.946961953435548
valid_x,D,7426,10184,0,0,1.0
test_x,Df,8133,10403,836,194,0.9473576612491056
test_x,D,8327,11239,0,0,1.0
