,accuracy,f1_score,precision,recall,FNR,FPR,cross_entropy,FNR_diff,FPR_diff,equalized_odds,Equal_Opportunity,experiment,fold,eval_type,stage,WEOp,expected_acc,WEQ
0,0.808,0.8072289156626505,0.78515625,0.8305785123966942,0.16942148760330578,0.2131782945736434,-0.0027725887222397817,0.022633865092814426,0.02228054826480022,0.022633865092814398,0.022633865092814398,reweight,9,ground,ground,-0.1047669671291449,0.8096827520507665,0.1047669671291449
0,0.806,0.8036437246963563,0.7876984126984127,0.8202479338842975,0.1797520661157025,0.20736434108527133,-0.008121425044831364,0.007343345215138575,0.03015456401283173,0.03015456401283173,0.007343345215138575,reduction,9,ground,ground,-0.12153345416515993,0.8058114097233207,0.12153345416515993
0,0.806,0.8040404040404041,0.7865612648221344,0.8223140495867769,0.17768595041322313,0.20930232558139536,-0.006931471805599451,0.1329593486433316,0.10778652668416444,0.1329593486433316,0.1329593486433316,LR,9,ground,ground,0.002758412536490229,0.80956054802226,0.06320637101235188
