dataset,variable,TP,TN,FP,FN,accuracy
train_x,Df,3103,3447,1029,521,0.808641975308642
train_x,D,2835,2552,1924,789,0.6650617283950617
valid_x,Df,360,380,105,55,0.8222222222222222
valid_x,D,338,294,191,77,0.7022222222222222
test_x,Df,382,439,129,50,0.821
test_x,D,342,323,245,90,0.665
