dataset,variable,TP,TN,FP,FN,accuracy
train_x,Df,38250,71208,16594,32436,0.690639038917773
train_x,D,38250,71208,16594,32436,0.690639038917773
valid_x,Df,4352,7885,1823,3550,0.6948892674616695
valid_x,D,4352,7885,1823,3550,0.6948892674616695
test_x,Df,4691,8805,2083,3988,0.6897327132416824
test_x,D,4691,8805,2083,3988,0.6897327132416824
