dataset,variable,TP,TN,FP,FN,accuracy
train_x,Df,3968,3003,600,529,0.8606172839506173
train_x,D,3968,3003,600,529,0.8606172839506173
valid_x,Df,426,346,72,56,0.8577777777777778
valid_x,D,426,346,72,56,0.8577777777777778
test_x,Df,450,394,85,71,0.844
test_x,D,450,394,85,71,0.844
