dataset,variable,TP,TN,FP,FN,accuracy
train_x,Df,3790,3695,270,345,0.924074074074074
train_x,D,3790,3695,270,345,0.924074074074074
valid_x,Df,406,425,29,40,0.9233333333333333
valid_x,D,406,425,29,40,0.9233333333333333
test_x,Df,439,475,41,45,0.914
test_x,D,439,475,41,45,0.914
