dataset,variable,TP,TN,FP,FN,accuracy
train_x,Df,3548,3630,512,410,0.8861728395061729
train_x,D,3548,3630,512,410,0.8861728395061729
valid_x,Df,381,413,54,52,0.8822222222222222
valid_x,D,381,413,54,52,0.8822222222222222
test_x,Df,403,465,77,55,0.868
test_x,D,403,465,77,55,0.868
