dataset,variable,TP,TN,FP,FN,accuracy
train_x,Df,3942,3228,642,288,0.8851851851851852
train_x,D,3942,3228,642,288,0.8851851851851852
valid_x,Df,434,358,74,34,0.88
valid_x,D,434,358,74,34,0.88
test_x,Df,485,397,79,39,0.882
test_x,D,485,397,79,39,0.882
