dataset,variable,TP,TN,FP,FN,accuracy
train_x,Df,3746,3764,252,338,0.9271604938271605
train_x,D,3746,3764,252,338,0.9271604938271605
valid_x,Df,426,402,28,44,0.92
valid_x,D,426,402,28,44,0.92
test_x,Df,461,457,32,50,0.918
test_x,D,461,457,32,50,0.918
