dataset,variable,TP,TN,FP,FN,accuracy
train_x,Df,3520,3703,478,399,0.8917283950617284
train_x,D,3520,3703,478,399,0.8917283950617284
valid_x,Df,392,396,62,50,0.8755555555555555
valid_x,D,392,396,62,50,0.8755555555555555
test_x,Df,436,455,57,52,0.891
test_x,D,436,455,57,52,0.891
