dataset,variable,TP,TN,FP,FN,accuracy
train_x,Df,33483,1286,3647,1139,0.8790039185943623
train_x,D,33483,1286,3647,1139,0.8790039185943623
valid_x,Df,3724,129,419,123,0.8766780432309442
valid_x,D,3724,129,419,123,0.8766780432309442
test_x,Df,4116,152,457,159,0.8738738738738738
test_x,D,4116,152,457,159,0.8738738738738738
