,experiment,fold,eval_type,stage,expected_acc,WEOp,WEQ
0,LR,3,ground,ground,0.7811022031808552,0.08889038673463223,0.08889038673463223
