dataset,variable,TP,TN,FP,FN,accuracy
train_x,Df,33645,1133,3800,978,0.879209222368288
train_x,D,33645,1133,3800,978,0.879209222368288
valid_x,Df,3731,111,437,116,0.8741751990898748
valid_x,D,3731,111,437,116,0.8741751990898748
test_x,Df,4130,140,469,144,0.8744624206430474
test_x,D,4130,140,469,144,0.8744624206430474
