dataset,variable,TP,TN,FP,FN,accuracy
train_x,Df,3145,3016,987,952,0.7606172839506172
train_x,D,3115,2359,1644,982,0.6758024691358024
valid_x,Df,355,325,110,110,0.7555555555555555
valid_x,D,356,262,173,109,0.6866666666666666
test_x,Df,384,378,127,111,0.762
test_x,D,375,293,212,120,0.668
