dataset,variable,TP,TN,FP,FN,accuracy
train_x,Df,38992,77122,14331,28043,0.7326359093432941
train_x,D,38992,77122,14331,28043,0.7326359093432941
valid_x,Df,4279,8544,1625,3162,0.7281658148779103
valid_x,D,4279,8544,1625,3162,0.7281658148779103
test_x,Df,4823,9480,1794,3470,0.7309756222210865
test_x,D,4823,9480,1794,3470,0.7309756222210865
