dataset,variable,TP,TN,FP,FN,accuracy
train_x,Df,6545,19557,250,22,0.9896868127701525
train_x,D,6567,19807,0,0,1.0
valid_x,Df,727,2167,36,1,0.9873763220743773
valid_x,D,728,2203,0,0,1.0
test_x,Df,797,2414,43,2,0.9861793611793612
test_x,D,799,2457,0,0,1.0
