dataset,variable,TP,TN,FP,FN,accuracy
train_x,Df,3906,3219,683,292,0.8796296296296297
train_x,D,3906,3219,683,292,0.8796296296296297
valid_x,Df,445,332,84,39,0.8633333333333333
valid_x,D,445,332,84,39,0.8633333333333333
test_x,Df,503,374,86,37,0.877
test_x,D,503,374,86,37,0.877
