dataset,variable,TP,TN,FP,FN,accuracy
train_x,Df,3696,3631,412,361,0.9045679012345679
train_x,D,3522,2764,1279,535,0.7760493827160494
valid_x,Df,417,390,41,52,0.8966666666666666
valid_x,D,402,300,131,67,0.78
test_x,Df,460,454,49,37,0.914
test_x,D,441,352,151,56,0.793
