dataset,variable,TP,TN,FP,FN,accuracy
train_x,Df,3641,2832,467,1160,0.7991358024691358
train_x,D,4801,3299,0,0,1.0
valid_x,Df,411,320,47,122,0.8122222222222222
valid_x,D,533,367,0,0,1.0
test_x,Df,455,354,54,137,0.809
test_x,D,592,408,0,0,1.0
