dataset,variable,TP,TN,FP,FN,accuracy
train_x,Df,4089,3973,19,19,0.9953086419753087
train_x,D,4108,3869,123,0,0.9848148148148148
valid_x,Df,444,450,4,2,0.9933333333333333
valid_x,D,446,444,10,0,0.9888888888888889
test_x,Df,508,484,5,3,0.992
test_x,D,511,465,24,0,0.976
