dataset,variable,TP,TN,FP,FN,accuracy
train_x,Df,4108,3869,0,123,0.9848148148148148
train_x,D,4231,3869,0,0,1.0
valid_x,Df,448,444,0,8,0.9911111111111112
valid_x,D,456,444,0,0,1.0
test_x,Df,513,465,0,22,0.978
test_x,D,535,465,0,0,1.0
