dataset,variable,TP,TN,FP,FN,accuracy
train_x,Df,4109,3861,0,130,0.9839506172839506
train_x,D,4239,3861,0,0,1.0
valid_x,Df,461,435,0,4,0.9955555555555555
valid_x,D,465,435,0,0,1.0
test_x,Df,507,482,0,11,0.989
test_x,D,518,482,0,0,1.0
