dataset,variable,TP,TN,FP,FN,accuracy
train_x,Df,4083,3976,26,15,0.9949382716049383
train_x,D,4098,3861,141,0,0.9825925925925926
valid_x,Df,458,437,3,2,0.9944444444444445
valid_x,D,460,435,5,0,0.9944444444444445
test_x,Df,505,491,2,2,0.996
test_x,D,507,482,11,0,0.989
