dataset,variable,TP,TN,FP,FN,accuracy
train_x,Df,34136,931,3635,854,0.8865153200525837
train_x,D,34136,931,3635,854,0.8865153200525837
valid_x,Df,3778,113,405,99,0.8853242320819112
valid_x,D,3778,113,405,99,0.8853242320819112
test_x,Df,4216,123,444,100,0.8885930780258038
test_x,D,4216,123,444,100,0.8885930780258038
