,accuracy,f1_score,precision,recall,FNR,FPR,cross_entropy,FNR_diff,FPR_diff,equalized_odds,Equal_Opportunity,experiment,fold,eval_type,stage,WEOp,expected_acc,WEQ
0,0.612,0.7117384843982169,0.5729665071770335,0.9392156862745098,0.060784313725490195,0.7285714285714285,0.23982892447374107,0.04931946385136883,0.010689990281827044,0.04931946385136887,0.04931946385136887,reweight,1,ground,proxy,-0.03824053154346663,0.6308138546762493,0.09570499827107537
0,0.675,0.7351263243683782,0.6290097629009763,0.884313725490196,0.11568627450980393,0.5428571428571428,0.15743101757766167,0.010712622263623656,0.06997084548104959,0.06997084548104959,0.010712622263623683,reduction,1,ground,proxy,-0.06471222125040543,0.6847852934432885,0.06471222125040543
0,0.609,0.6749792186201162,0.5858585858585859,0.796078431372549,0.20392156862745098,0.5857142857142857,0.14070887765366888,0.4762200486466905,0.44800777453838675,0.47622004864669054,0.47622004864669054,LR,1,ground,proxy,0.3926233961092114,0.6236535391368525,0.5274042583796973
