dataset,variable,TP,TN,FP,FN,accuracy
train_x,Df,42977,72721,16140,26651,0.7300064988737389
train_x,D,42977,72721,16140,26651,0.7300064988737389
valid_x,Df,4808,8157,1761,2884,0.7362294151050539
valid_x,D,4808,8157,1761,2884,0.7362294151050539
test_x,Df,5251,9005,1976,3334,0.7286108555657773
test_x,D,5251,9005,1976,3334,0.7286108555657773
