dataset,variable,TP,TN,FP,FN,accuracy
train_x,Df,2445,17469,1848,4612,0.75506180329112
train_x,D,2445,17469,1848,4612,0.75506180329112
valid_x,Df,271,1914,221,525,0.7454793585806891
valid_x,D,271,1914,221,525,0.7454793585806891
test_x,Df,296,2153,229,578,0.7521498771498771
test_x,D,296,2153,229,578,0.7521498771498771
