dataset,variable,TP,TN,FP,FN,accuracy
train_x,Df,3926,3106,551,517,0.8681481481481481
train_x,D,3926,3106,551,517,0.8681481481481481
valid_x,Df,441,332,65,62,0.8588888888888889
valid_x,D,441,332,65,62,0.8588888888888889
test_x,Df,474,366,80,80,0.84
test_x,D,474,366,80,80,0.84
