dataset,variable,TP,TN,FP,FN,accuracy
train_x,Df,34245,834,3756,721,0.8868186874304783
train_x,D,34245,834,3756,721,0.8868186874304783
valid_x,Df,3815,96,403,81,0.8898748577929465
valid_x,D,3815,96,403,81,0.8898748577929465
test_x,Df,4238,105,457,83,0.8894122465697317
test_x,D,4238,105,457,83,0.8894122465697317
