dataset,variable,TP,TN,FP,FN,accuracy
train_x,Df,3919,3220,641,320,0.881358024691358
train_x,D,3919,3220,641,320,0.881358024691358
valid_x,Df,430,367,68,35,0.8855555555555555
valid_x,D,430,367,68,35,0.8855555555555555
test_x,Df,489,404,78,29,0.893
test_x,D,489,404,78,29,0.893
