dataset,variable,TP,TN,FP,FN,accuracy
train_x,Df,3684,2871,429,1116,0.8092592592592592
train_x,D,4800,3300,0,0,1.0
valid_x,Df,397,317,50,136,0.7933333333333333
valid_x,D,533,367,0,0,1.0
test_x,Df,459,354,53,134,0.813
test_x,D,593,407,0,0,1.0
