dataset,variable,TP,TN,FP,FN,accuracy
train_x,Df,3700,3613,413,374,0.9028395061728395
train_x,D,3537,2763,1263,537,0.7777777777777778
valid_x,Df,404,421,43,32,0.9166666666666666
valid_x,D,381,312,152,55,0.77
test_x,Df,466,441,46,47,0.907
test_x,D,447,341,146,66,0.788
