dataset,variable,TP,TN,FP,FN,accuracy
train_x,Df,3585,2821,478,1216,0.7908641975308642
train_x,D,4801,3299,0,0,1.0
valid_x,Df,399,315,51,135,0.7933333333333333
valid_x,D,534,366,0,0,1.0
test_x,Df,428,345,62,165,0.773
test_x,D,593,407,0,0,1.0
