dataset,variable,TP,TN,FP,FN,accuracy
train_x,Df,3811,3816,252,221,0.941604938271605
train_x,D,3518,2785,1283,514,0.7781481481481481
valid_x,Df,421,427,29,23,0.9422222222222222
valid_x,D,391,313,143,53,0.7822222222222223
test_x,Df,455,481,35,29,0.936
test_x,D,418,341,175,66,0.759
