dataset,variable,TP,TN,FP,FN,accuracy
train_x,Df,62138,77590,10212,8548,0.8816314168896068
train_x,D,70686,87802,0,0,1.0
valid_x,Df,6986,8594,1114,916,0.8847245883021011
valid_x,D,7902,9708,0,0,1.0
test_x,Df,7638,9592,1296,1041,0.8805642152603874
test_x,D,8679,10888,0,0,1.0
