dataset,variable,TP,TN,FP,FN,accuracy
train_x,Df,4028,3911,68,93,0.9801234567901235
train_x,D,3827,3867,112,294,0.9498765432098766
valid_x,Df,437,444,12,7,0.9788888888888889
valid_x,D,414,438,18,30,0.9466666666666667
test_x,Df,491,493,7,9,0.984
test_x,D,463,485,15,37,0.948
