dataset,variable,TP,TN,FP,FN,accuracy
train_x,Df,3535,2854,445,1266,0.7887654320987655
train_x,D,4801,3299,0,0,1.0
valid_x,Df,387,300,66,147,0.7633333333333333
valid_x,D,534,366,0,0,1.0
test_x,Df,439,347,60,154,0.786
test_x,D,593,407,0,0,1.0
