dataset,variable,TP,TN,FP,FN,accuracy
train_x,Df,3767,3875,213,245,0.9434567901234568
train_x,D,3508,2795,1293,504,0.7781481481481481
valid_x,Df,424,414,29,33,0.9311111111111111
valid_x,D,385,294,149,72,0.7544444444444445
test_x,Df,469,479,30,22,0.948
test_x,D,434,350,159,57,0.784
