dataset,variable,TP,TN,FP,FN,accuracy
train_x,Df,3339,18661,1362,3012,0.8341548494729658
train_x,D,3339,18661,1362,3012,0.8341548494729658
valid_x,Df,355,2083,142,351,0.83179802115319
valid_x,D,355,2083,142,351,0.83179802115319
test_x,Df,420,2301,171,364,0.8356879606879607
test_x,D,420,2301,171,364,0.8356879606879607
