dataset,variable,TP,TN,FP,FN,accuracy
train_x,Df,6907,18809,438,220,0.975051186774854
train_x,D,7127,19247,0,0,1.0
valid_x,Df,764,2102,43,22,0.9778232685090413
valid_x,D,786,2145,0,0,1.0
test_x,Df,866,2303,50,37,0.9732800982800983
test_x,D,903,2353,0,0,1.0
