dataset,variable,TP,TN,FP,FN,accuracy
train_x,Df,42598,73035,15847,27009,0.7295963757737131
train_x,D,42598,73035,15847,27009,0.7295963757737131
valid_x,Df,4668,8138,1753,3051,0.7272004542873367
valid_x,D,4668,8138,1753,3051,0.7272004542873367
test_x,Df,5212,9063,1924,3367,0.7295819278339978
test_x,D,5212,9063,1924,3367,0.7295819278339978
