dataset,variable,TP,TN,FP,FN,accuracy
train_x,Df,3862,3528,342,368,0.9123456790123456
train_x,D,3862,3528,342,368,0.9123456790123456
valid_x,Df,420,399,33,48,0.91
valid_x,D,420,399,33,48,0.91
test_x,Df,473,432,44,51,0.905
test_x,D,473,432,44,51,0.905
