dataset,variable,TP,TN,FP,FN,accuracy
train_x,Df,3849,3638,355,258,0.924320987654321
train_x,D,3849,3638,355,258,0.924320987654321
valid_x,Df,420,417,33,30,0.93
valid_x,D,420,417,33,30,0.93
test_x,Df,472,447,45,36,0.919
test_x,D,472,447,45,36,0.919
