dataset,variable,TP,TN,FP,FN,accuracy
train_x,Df,34091,987,3586,892,0.8867934068156538
train_x,D,34091,987,3586,892,0.8867934068156538
valid_x,Df,3772,112,402,109,0.8837315130830489
valid_x,D,3772,112,402,109,0.8837315130830489
test_x,Df,4201,110,454,118,0.8828588982183084
test_x,D,4201,110,454,118,0.8828588982183084
