dataset,variable,TP,TN,FP,FN,accuracy
train_x,Df,3636,17678,226,4834,0.8081443846212178
train_x,D,8470,17904,0,0,1.0
valid_x,Df,384,1979,20,548,0.8062094848174685
valid_x,D,932,1999,0,0,1.0
test_x,Df,410,2192,27,627,0.7991400491400491
test_x,D,1037,2219,0,0,1.0
