dataset,variable,TP,TN,FP,FN,accuracy
train_x,Df,27975,2566,4676,4339,0.772095257356659
train_x,D,27975,2566,4676,4339,0.772095257356659
valid_x,Df,3095,293,517,490,0.7708759954493742
valid_x,D,3095,293,517,490,0.7708759954493742
test_x,Df,3447,294,584,558,0.7661273807085808
test_x,D,3447,294,584,558,0.7661273807085808
