dataset,variable,TP,TN,FP,FN,accuracy
train_x,Df,2991,3593,897,619,0.8128395061728395
train_x,D,2991,3593,897,619,0.8128395061728395
valid_x,Df,334,396,95,75,0.8111111111111111
valid_x,D,334,396,95,75,0.8111111111111111
test_x,Df,361,428,120,91,0.789
test_x,D,361,428,120,91,0.789
