dataset,variable,TP,TN,FP,FN,accuracy
train_x,Df,3633,3747,255,465,0.9111111111111111
train_x,D,3633,3747,255,465,0.9111111111111111
valid_x,Df,400,411,29,60,0.9011111111111111
valid_x,D,400,411,29,60,0.9011111111111111
test_x,Df,444,456,37,63,0.9
test_x,D,444,456,37,63,0.9
