dataset,variable,TP,TN,FP,FN,accuracy
train_x,Df,3889,3575,418,218,0.9214814814814815
train_x,D,3889,3575,418,218,0.9214814814814815
valid_x,Df,428,398,52,22,0.9177777777777778
valid_x,D,428,398,52,22,0.9177777777777778
test_x,Df,476,442,50,32,0.918
test_x,D,476,442,50,32,0.918
