dataset,variable,TP,TN,FP,FN,accuracy
train_x,Df,3960,3295,347,498,0.895679012345679
train_x,D,3960,3295,347,498,0.895679012345679
valid_x,Df,439,361,41,59,0.8888888888888888
valid_x,D,439,361,41,59,0.8888888888888888
test_x,Df,479,409,47,65,0.888
test_x,D,479,409,47,65,0.888
