dataset,variable,TP,TN,FP,FN,accuracy
train_x,Df,3672,3159,872,397,0.8433333333333334
train_x,D,3672,3159,872,397,0.8433333333333334
valid_x,Df,417,350,86,47,0.8522222222222222
valid_x,D,417,350,86,47,0.8522222222222222
test_x,Df,452,375,122,51,0.827
test_x,D,452,375,122,51,0.827
