dataset,variable,TP,TN,FP,FN,accuracy
train_x,Df,3613,3508,523,456,0.8791358024691358
train_x,D,3414,2686,1345,655,0.7530864197530864
valid_x,Df,407,382,49,62,0.8766666666666667
valid_x,D,388,290,141,81,0.7533333333333333
test_x,Df,444,429,73,54,0.873
test_x,D,405,320,182,93,0.725
