dataset,variable,TP,TN,FP,FN,accuracy
train_x,Df,4113,3870,3,114,0.9855555555555555
train_x,D,4227,3873,0,0,1.0
valid_x,Df,462,424,0,14,0.9844444444444445
valid_x,D,476,424,0,0,1.0
test_x,Df,505,481,0,14,0.986
test_x,D,519,481,0,0,1.0
