dataset,variable,TP,TN,FP,FN,accuracy
train_x,Df,4087,3969,29,15,0.994567901234568
train_x,D,4102,3873,125,0,0.9845679012345679
valid_x,Df,456,436,6,2,0.9911111111111112
valid_x,D,458,424,18,0,0.98
test_x,Df,502,492,3,3,0.994
test_x,D,505,481,14,0,0.986
