dataset,variable,TP,TN,FP,FN,accuracy
train_x,Df,1729,16722,1252,6671,0.6995905058011678
train_x,D,1729,16722,1252,6671,0.6995905058011678
valid_x,Df,201,1826,154,750,0.6915728420334357
valid_x,D,201,1826,154,750,0.6915728420334357
test_x,Df,212,2034,134,876,0.6898034398034398
test_x,D,212,2034,134,876,0.6898034398034398
