dataset,variable,TP,TN,FP,FN,accuracy
train_x,Df,3192,2964,1016,928,0.76
train_x,D,3131,2353,1627,989,0.677037037037037
valid_x,Df,340,343,121,96,0.7588888888888888
valid_x,D,338,273,191,98,0.6788888888888889
test_x,Df,387,370,129,114,0.757
test_x,D,377,288,211,124,0.665
