dataset,variable,TP,TN,FP,FN,accuracy
train_x,Df,33921,4907,728,0,0.9815957124077258
train_x,D,33921,5635,0,0,1.0
valid_x,Df,3760,556,79,0,0.9820250284414107
valid_x,D,3760,635,0,0,1.0
test_x,Df,4199,601,83,0,0.9830022527134958
test_x,D,4199,684,0,0,1.0
