dataset,variable,TP,TN,FP,FN,accuracy
train_x,Df,3832,3758,271,239,0.937037037037037
train_x,D,4071,4029,0,0,1.0
valid_x,Df,427,427,17,29,0.9488888888888889
valid_x,D,456,444,0,0,1.0
test_x,Df,482,465,26,27,0.947
test_x,D,509,491,0,0,1.0
