dataset,variable,TP,TN,FP,FN,accuracy
train_x,Df,4002,3892,101,105,0.9745679012345679
train_x,D,3791,3713,280,316,0.9264197530864198
valid_x,Df,441,447,3,9,0.9866666666666667
valid_x,D,428,422,28,22,0.9444444444444444
test_x,Df,495,479,13,13,0.974
test_x,D,476,459,33,32,0.935
