dataset,variable,TP,TN,FP,FN,accuracy
train_x,Df,33762,4928,5,861,0.9781069875619375
train_x,D,34623,4933,0,0,1.0
valid_x,Df,3732,547,1,115,0.9736063708759954
valid_x,D,3847,548,0,0,1.0
test_x,Df,4183,608,1,91,0.981159123489658
test_x,D,4274,609,0,0,1.0
