dataset,variable,TP,TN,FP,FN,accuracy
train_x,Df,68224,83338,5544,1383,0.9562934967095508
train_x,D,69607,88882,0,0,1.0
valid_x,Df,7562,9261,630,157,0.9553094832481545
valid_x,D,7719,9891,0,0,1.0
test_x,Df,8428,10298,689,151,0.9570683839313094
test_x,D,8579,10987,0,0,1.0
