dataset,variable,TP,TN,FP,FN,accuracy
train_x,Df,2366,17517,1795,4696,0.7538864032759536
train_x,D,2366,17517,1795,4696,0.7538864032759536
valid_x,Df,251,1949,201,530,0.7505970658478335
valid_x,D,251,1949,201,530,0.7505970658478335
test_x,Df,293,2150,222,591,0.7503071253071253
test_x,D,293,2150,222,591,0.7503071253071253
