dataset,variable,TP,TN,FP,FN,accuracy
train_x,Df,3185,2974,1025,916,0.7603703703703704
train_x,D,3125,2366,1633,976,0.6779012345679012
valid_x,Df,359,324,110,107,0.7588888888888888
valid_x,D,348,253,181,118,0.6677777777777778
test_x,Df,375,367,143,115,0.742
test_x,D,373,295,215,117,0.668
