dataset,variable,TP,TN,FP,FN,accuracy
train_x,Df,31334,4735,3351,136,0.9118464961067854
train_x,D,31470,8086,0,0,1.0
valid_x,Df,3474,524,384,13,0.9096700796359499
valid_x,D,3487,908,0,0,1.0
test_x,Df,3861,577,419,26,0.9088674994880197
test_x,D,3887,996,0,0,1.0
