dataset,variable,TP,TN,FP,FN,accuracy
train_x,Df,3252,3713,797,338,0.8598765432098765
train_x,D,3590,4510,0,0,1.0
valid_x,Df,377,416,72,35,0.8811111111111111
valid_x,D,412,488,0,0,1.0
test_x,Df,415,441,90,54,0.856
test_x,D,469,531,0,0,1.0
