dataset,variable,TP,TN,FP,FN,accuracy
train_x,Df,3931,3875,118,176,0.9637037037037037
train_x,D,3238,3641,352,869,0.8492592592592593
valid_x,Df,437,438,12,13,0.9722222222222222
valid_x,D,375,413,37,75,0.8755555555555555
test_x,Df,484,471,21,24,0.955
test_x,D,415,438,54,93,0.853
