dataset,variable,TP,TN,FP,FN,accuracy
train_x,Df,31341,2547,3054,2614,0.8567094751744363
train_x,D,31341,2547,3054,2614,0.8567094751744363
valid_x,Df,3438,262,376,319,0.8418657565415245
valid_x,D,3438,262,376,319,0.8418657565415245
test_x,Df,3829,291,424,339,0.8437436002457506
test_x,D,3829,291,424,339,0.8437436002457506
