dataset,variable,TP,TN,FP,FN,accuracy
train_x,Df,33928,4458,1170,0,0.9704216806552736
train_x,D,33928,5628,0,0,1.0
valid_x,Df,3765,489,141,0,0.9679180887372013
valid_x,D,3765,630,0,0,1.0
test_x,Df,4187,550,146,0,0.9701003481466312
test_x,D,4187,696,0,0,1.0
