dataset,variable,TP,TN,FP,FN,accuracy
train_x,Df,3604,3654,532,310,0.8960493827160494
train_x,D,3305,2732,1454,609,0.7453086419753087
valid_x,Df,404,407,52,37,0.9011111111111111
valid_x,D,374,304,155,67,0.7533333333333333
test_x,Df,461,450,56,33,0.911
test_x,D,414,333,173,80,0.747
