dataset,variable,TP,TN,FP,FN,accuracy
train_x,Df,3515,17762,120,4977,0.8067414878289224
train_x,D,8492,17882,0,0,1.0
valid_x,Df,370,2003,15,543,0.8096212896622313
valid_x,D,913,2018,0,0,1.0
test_x,Df,408,2198,24,626,0.8003685503685504
test_x,D,1034,2222,0,0,1.0
