dataset,variable,TP,TN,FP,FN,accuracy
train_x,Df,3886,3762,246,206,0.9441975308641976
train_x,D,3546,2795,1213,546,0.7828395061728395
valid_x,Df,441,407,24,28,0.9422222222222222
valid_x,D,415,317,114,54,0.8133333333333334
test_x,Df,479,464,32,25,0.943
test_x,D,435,344,152,69,0.779
