dataset,variable,TP,TN,FP,FN,accuracy
train_x,Df,6310,19367,656,41,0.9735724577235156
train_x,D,6351,20023,0,0,1.0
valid_x,Df,700,2156,69,6,0.9744114636642784
valid_x,D,706,2225,0,0,1.0
test_x,Df,778,2412,60,6,0.9797297297297297
test_x,D,784,2472,0,0,1.0
