dataset,variable,TP,TN,FP,FN,accuracy
train_x,Df,3786,3036,1009,269,0.8422222222222222
train_x,D,3786,3036,1009,269,0.8422222222222222
valid_x,Df,425,336,106,33,0.8455555555555555
valid_x,D,425,336,106,33,0.8455555555555555
test_x,Df,476,376,114,34,0.852
test_x,D,476,376,114,34,0.852
