dataset,variable,TP,TN,FP,FN,accuracy
train_x,Df,3673,2178,1122,1127,0.7223456790123457
train_x,D,3673,2178,1122,1127,0.7223456790123457
valid_x,Df,407,243,124,126,0.7222222222222222
valid_x,D,407,243,124,126,0.7222222222222222
test_x,Df,453,270,137,140,0.723
test_x,D,453,270,137,140,0.723
