dataset,variable,TP,TN,FP,FN,accuracy
train_x,Df,30157,3695,2317,3387,0.8557993730407524
train_x,D,30157,3695,2317,3387,0.8557993730407524
valid_x,Df,3348,408,247,392,0.8546075085324232
valid_x,D,3348,408,247,392,0.8546075085324232
test_x,Df,3699,474,271,439,0.8545975834527955
test_x,D,3699,474,271,439,0.8545975834527955
