dataset,variable,TP,TN,FP,FN,accuracy
train_x,Df,3523,3668,483,426,0.8877777777777778
train_x,D,3523,3668,483,426,0.8877777777777778
valid_x,Df,366,424,56,54,0.8777777777777778
valid_x,D,366,424,56,54,0.8777777777777778
test_x,Df,426,448,72,54,0.874
test_x,D,426,448,72,54,0.874
