dataset,variable,TP,TN,FP,FN,accuracy
train_x,Df,3753,3728,253,366,0.9235802469135802
train_x,D,3753,3728,253,366,0.9235802469135802
valid_x,Df,395,434,27,44,0.9211111111111111
valid_x,D,395,434,27,44,0.9211111111111111
test_x,Df,461,456,37,46,0.917
test_x,D,461,456,37,46,0.917
