dataset,variable,TP,TN,FP,FN,accuracy
train_x,Df,65064,87867,5550,8,0.9649313201547111
train_x,D,65072,93417,0,0,1.0
valid_x,Df,7227,9768,612,3,0.965076660988075
valid_x,D,7230,10380,0,0,1.0
test_x,Df,8032,10832,701,1,0.9641214351425943
test_x,D,8033,11533,0,0,1.0
