dataset,variable,TP,TN,FP,FN,accuracy
train_x,Df,38286,69186,17608,33409,0.6781038431689266
train_x,D,38286,69186,17608,33409,0.6781038431689266
valid_x,Df,4248,7688,1947,3727,0.6777967064168087
valid_x,D,4248,7688,1947,3727,0.6777967064168087
test_x,Df,4783,8489,2242,4052,0.6783195338853113
test_x,D,4783,8489,2242,4052,0.6783195338853113
