dataset,variable,TP,TN,FP,FN,accuracy
train_x,Df,3961,3264,370,505,0.8919753086419753
train_x,D,3961,3264,370,505,0.8919753086419753
valid_x,Df,425,353,54,68,0.8644444444444445
valid_x,D,425,353,54,68,0.8644444444444445
test_x,Df,483,409,50,58,0.892
test_x,D,483,409,50,58,0.892
