dataset,variable,TP,TN,FP,FN,accuracy
train_x,Df,3899,3547,432,222,0.9192592592592592
train_x,D,3899,3547,432,222,0.9192592592592592
valid_x,Df,420,397,59,24,0.9077777777777778
valid_x,D,420,397,59,24,0.9077777777777778
test_x,Df,477,444,56,23,0.921
test_x,D,477,444,56,23,0.921
