dataset,variable,TP,TN,FP,FN,accuracy
train_x,Df,62179,77586,10248,8476,0.8818593088479326
train_x,D,70655,87834,0,0,1.0
valid_x,Df,6998,8536,1153,923,0.8821124361158432
valid_x,D,7921,9689,0,0,1.0
test_x,Df,7619,9653,1222,1072,0.8827558008790759
test_x,D,8691,10875,0,0,1.0
