dataset,variable,TP,TN,FP,FN,accuracy
train_x,Df,3110,2957,1082,951,0.7490123456790123
train_x,D,3110,2957,1082,951,0.7490123456790123
valid_x,Df,353,315,126,106,0.7422222222222222
valid_x,D,353,315,126,106,0.7422222222222222
test_x,Df,412,341,122,125,0.753
test_x,D,412,341,122,125,0.753
