dataset,variable,TP,TN,FP,FN,accuracy
train_x,Df,3641,3477,551,431,0.8787654320987655
train_x,D,3641,3477,551,431,0.8787654320987655
valid_x,Df,412,368,67,53,0.8666666666666667
valid_x,D,412,368,67,53,0.8666666666666667
test_x,Df,471,409,63,57,0.88
test_x,D,471,409,63,57,0.88
