dataset,variable,TP,TN,FP,FN,accuracy
train_x,Df,3620,3663,512,305,0.8991358024691358
train_x,D,3301,2717,1458,624,0.7429629629629629
valid_x,Df,412,404,53,31,0.9066666666666666
valid_x,D,387,315,142,56,0.78
test_x,Df,449,457,62,32,0.906
test_x,D,405,337,182,76,0.742
