dataset,variable,TP,TN,FP,FN,accuracy
train_x,Df,3609,2818,523,1150,0.7934567901234568
train_x,D,4759,3341,0,0,1.0
valid_x,Df,413,319,52,116,0.8133333333333334
valid_x,D,529,371,0,0,1.0
test_x,Df,441,343,70,146,0.784
test_x,D,587,413,0,0,1.0
