dataset,variable,TP,TN,FP,FN,accuracy
train_x,Df,3632,3732,233,503,0.9091358024691358
train_x,D,3632,3732,233,503,0.9091358024691358
valid_x,Df,388,425,29,58,0.9033333333333333
valid_x,D,388,425,29,58,0.9033333333333333
test_x,Df,424,473,43,60,0.897
test_x,D,424,473,43,60,0.897
