dataset,variable,TP,TN,FP,FN,accuracy
train_x,Df,2982,3571,883,664,0.8090123456790124
train_x,D,2982,3571,883,664,0.8090123456790124
valid_x,Df,315,399,102,84,0.7933333333333333
valid_x,D,315,399,102,84,0.7933333333333333
test_x,Df,350,457,117,76,0.807
test_x,D,350,457,117,76,0.807
