dataset,variable,TP,TN,FP,FN,accuracy
train_x,Df,30497,3483,2505,3071,0.8590352917382951
train_x,D,30497,3483,2505,3071,0.8590352917382951
valid_x,Df,3357,390,279,369,0.8525597269624573
valid_x,D,3357,390,279,369,0.8525597269624573
test_x,Df,3723,418,337,405,0.8480442351013721
test_x,D,3723,418,337,405,0.8480442351013721
