dataset,variable,TP,TN,FP,FN,accuracy
train_x,Df,65054,88071,5346,17,0.9661614759477059
train_x,D,65071,93417,0,0,1.0
valid_x,Df,7230,9749,631,0,0.9641680863145939
valid_x,D,7230,10380,0,0,1.0
test_x,Df,8032,10847,686,2,0.9648387591352788
test_x,D,8034,11533,0,0,1.0
