dataset,variable,TP,TN,FP,FN,accuracy
train_x,Df,34132,959,3626,838,0.8871444823663254
train_x,D,34132,959,3626,838,0.8871444823663254
valid_x,Df,3795,89,419,92,0.8837315130830489
valid_x,D,3795,89,419,92,0.8837315130830489
test_x,Df,4207,117,441,119,0.8853398853398854
test_x,D,4207,117,441,119,0.8853398853398854
