dataset,variable,TP,TN,FP,FN,accuracy
train_x,Df,3608,3736,243,513,0.9066666666666666
train_x,D,3608,3736,243,513,0.9066666666666666
valid_x,Df,385,417,39,59,0.8911111111111111
valid_x,D,385,417,39,59,0.8911111111111111
test_x,Df,443,466,34,57,0.909
test_x,D,443,466,34,57,0.909
