dataset,variable,TP,TN,FP,FN,accuracy
train_x,Df,2978,3585,873,664,0.8102469135802469
train_x,D,2978,3585,873,664,0.8102469135802469
valid_x,Df,308,397,116,79,0.7833333333333333
valid_x,D,308,397,116,79,0.7833333333333333
test_x,Df,362,443,115,80,0.805
test_x,D,362,443,115,80,0.805
