dataset,variable,TP,TN,FP,FN,accuracy
train_x,Df,4003,3904,94,99,0.9761728395061728
train_x,D,3805,3724,274,297,0.9295061728395062
valid_x,Df,449,419,23,9,0.9644444444444444
valid_x,D,424,406,36,34,0.9222222222222223
test_x,Df,485,481,14,20,0.966
test_x,D,466,464,31,39,0.93
