dataset,variable,TP,TN,FP,FN,accuracy
train_x,Df,3836,3760,261,243,0.9377777777777778
train_x,D,4079,4021,0,0,1.0
valid_x,Df,437,405,35,23,0.9355555555555556
valid_x,D,460,440,0,0,1.0
test_x,Df,471,475,28,26,0.946
test_x,D,497,503,0,0,1.0
