dataset,variable,TP,TN,FP,FN,accuracy
train_x,Df,32997,4789,1212,558,0.9552533117605421
train_x,D,33555,6001,0,0,1.0
valid_x,Df,3644,540,130,81,0.9519908987485779
valid_x,D,3725,670,0,0,1.0
test_x,Df,4088,585,156,54,0.9569936514437846
test_x,D,4142,741,0,0,1.0
