dataset,variable,TP,TN,FP,FN,accuracy
train_x,Df,3593,17781,146,4854,0.8104193523925077
train_x,D,8447,17927,0,0,1.0
valid_x,Df,422,1961,12,536,0.8130330945069942
valid_x,D,958,1973,0,0,1.0
test_x,Df,430,2208,14,604,0.8101965601965602
test_x,D,1034,2222,0,0,1.0
