dataset,variable,TP,TN,FP,FN,accuracy
train_x,Df,4043,15990,1766,4575,0.7595738227041784
train_x,D,4043,15990,1766,4575,0.7595738227041784
valid_x,Df,437,1787,185,522,0.7587853974752644
valid_x,D,437,1787,185,522,0.7587853974752644
test_x,Df,466,1981,204,605,0.7515356265356266
test_x,D,466,1981,204,605,0.7515356265356266
