dataset,variable,TP,TN,FP,FN,accuracy
train_x,Df,55890,55214,24681,22703,0.7010246832567766
train_x,D,55890,55214,24681,22703,0.7010246832567766
valid_x,Df,6265,6119,2698,2528,0.703236797274276
valid_x,D,6265,6119,2698,2528,0.703236797274276
test_x,Df,6899,6852,3081,2735,0.7027648592017172
test_x,D,6899,6852,3081,2735,0.7027648592017172
