dataset,variable,TP,TN,FP,FN,accuracy
train_x,Df,3943,3025,617,515,0.860246913580247
train_x,D,3943,3025,617,515,0.860246913580247
valid_x,Df,432,344,66,58,0.8622222222222222
valid_x,D,432,344,66,58,0.8622222222222222
test_x,Df,495,376,72,57,0.871
test_x,D,495,376,72,57,0.871
