dataset,variable,TP,TN,FP,FN,accuracy
train_x,Df,3761,3755,243,341,0.9279012345679012
train_x,D,3761,3755,243,341,0.9279012345679012
valid_x,Df,415,407,35,43,0.9133333333333333
valid_x,D,415,407,35,43,0.9133333333333333
test_x,Df,457,466,29,48,0.923
test_x,D,457,466,29,48,0.923
