dataset,variable,TP,TN,FP,FN,accuracy
train_x,Df,3524,3680,480,416,0.8893827160493827
train_x,D,3524,3680,480,416,0.8893827160493827
valid_x,Df,389,405,61,45,0.8822222222222222
valid_x,D,389,405,61,45,0.8822222222222222
test_x,Df,423,462,63,52,0.885
test_x,D,423,462,63,52,0.885
