dataset,variable,TP,TN,FP,FN,accuracy
train_x,Df,34138,4565,9,843,0.9784603716344331
train_x,D,34981,4574,0,0,1.0
valid_x,Df,3791,509,1,94,0.9783845278725825
valid_x,D,3885,510,0,0,1.0
test_x,Df,4205,567,0,112,0.9770679770679771
test_x,D,4317,567,0,0,1.0
