dataset,variable,TP,TN,FP,FN,accuracy
train_x,Df,3088,3483,999,530,0.8112345679012346
train_x,D,2857,2580,1902,761,0.6712345679012346
valid_x,Df,357,376,109,58,0.8144444444444444
valid_x,D,314,270,215,101,0.6488888888888888
test_x,Df,373,433,129,65,0.806
test_x,D,344,319,243,94,0.663
