dataset,variable,TP,TN,FP,FN,accuracy
train_x,Df,43195,72710,16191,26392,0.7313171975165312
train_x,D,43195,72710,16191,26392,0.7313171975165312
valid_x,Df,4688,8056,1818,3048,0.723679727427598
valid_x,D,4688,8056,1818,3048,0.723679727427598
test_x,Df,5287,8983,2002,3295,0.7292891092144937
test_x,D,5287,8983,2002,3295,0.7292891092144937
