dataset,variable,TP,TN,FP,FN,accuracy
train_x,Df,3261,2690,1323,826,0.7346913580246913
train_x,D,3261,2690,1323,826,0.7346913580246913
valid_x,Df,364,302,144,90,0.74
valid_x,D,364,302,144,90,0.74
test_x,Df,410,330,154,106,0.74
test_x,D,410,330,154,106,0.74
