dataset,variable,TP,TN,FP,FN,accuracy
train_x,Df,6148,18827,466,933,0.9469553347994236
train_x,D,7081,19293,0,0,1.0
valid_x,Df,683,2091,49,108,0.9464346639372228
valid_x,D,791,2140,0,0,1.0
test_x,Df,773,2320,45,118,0.9499385749385749
test_x,D,891,2365,0,0,1.0
