dataset,variable,TP,TN,FP,FN,accuracy
train_x,Df,34065,1017,3566,908,0.8868945292749519
train_x,D,34065,1017,3566,908,0.8868945292749519
valid_x,Df,3771,101,410,113,0.8810011376564277
valid_x,D,3771,101,410,113,0.8810011376564277
test_x,Df,4189,124,433,137,0.8832684824902723
test_x,D,4189,124,433,137,0.8832684824902723
