dataset,variable,TP,TN,FP,FN,accuracy
train_x,Df,3097,3424,1086,493,0.8050617283950617
train_x,D,2831,2582,1928,759,0.6682716049382716
valid_x,Df,359,398,90,53,0.8411111111111111
valid_x,D,330,289,199,82,0.6877777777777778
test_x,Df,395,413,118,74,0.808
test_x,D,354,298,233,115,0.652
