dataset,variable,TP,TN,FP,FN,accuracy
train_x,Df,3689,2847,494,1070,0.8069135802469136
train_x,D,4759,3341,0,0,1.0
valid_x,Df,400,322,49,129,0.8022222222222222
valid_x,D,529,371,0,0,1.0
test_x,Df,446,346,67,141,0.792
test_x,D,587,413,0,0,1.0
