dataset,variable,TP,TN,FP,FN,accuracy
train_x,Df,5334,18876,451,1713,0.9179494957154773
train_x,D,7047,19327,0,0,1.0
valid_x,Df,597,2077,60,197,0.912316615489594
valid_x,D,794,2137,0,0,1.0
test_x,Df,661,2308,62,225,0.9118550368550369
test_x,D,886,2370,0,0,1.0
