dataset,variable,TP,TN,FP,FN,accuracy
train_x,Df,3271,2730,1273,826,0.7408641975308642
train_x,D,3271,2730,1273,826,0.7408641975308642
valid_x,Df,362,294,141,103,0.7288888888888889
valid_x,D,362,294,141,103,0.7288888888888889
test_x,Df,395,326,179,100,0.721
test_x,D,395,326,179,100,0.721
