dataset,variable,TP,TN,FP,FN,accuracy
train_x,Df,28023,2525,4737,4271,0.7722722216604307
train_x,D,28023,2525,4737,4271,0.7722722216604307
valid_x,Df,3124,277,507,487,0.7738339021615472
valid_x,D,3124,277,507,487,0.7738339021615472
test_x,Df,3455,334,550,544,0.7759574032357157
test_x,D,3455,334,550,544,0.7759574032357157
