dataset,variable,TP,TN,FP,FN,accuracy
train_x,Df,35053,820,3012,671,0.906891495601173
train_x,D,35053,820,3012,671,0.906891495601173
valid_x,Df,3874,88,345,88,0.9014789533560864
valid_x,D,3874,88,345,88,0.9014789533560864
test_x,Df,4304,102,371,106,0.9023141511365964
test_x,D,4304,102,371,106,0.9023141511365964
