dataset,variable,TP,TN,FP,FN,accuracy
train_x,Df,3234,2684,1355,827,0.7306172839506173
train_x,D,3234,2684,1355,827,0.7306172839506173
valid_x,Df,374,286,155,85,0.7333333333333333
valid_x,D,374,286,155,85,0.7333333333333333
test_x,Df,447,321,142,90,0.768
test_x,D,447,321,142,90,0.768
