dataset,variable,TP,TN,FP,FN,accuracy
train_x,Df,32026,1977,3657,1895,0.8596384780685122
train_x,D,32026,1977,3657,1895,0.8596384780685122
valid_x,Df,3556,187,440,212,0.8516496018202503
valid_x,D,3556,187,440,212,0.8516496018202503
test_x,Df,3945,241,452,246,0.857084357084357
test_x,D,3945,241,452,246,0.857084357084357
