dataset,variable,TP,TN,FP,FN,accuracy
train_x,Df,3082,17737,1556,3999,0.7893759005080762
train_x,D,3082,17737,1556,3999,0.7893759005080762
valid_x,Df,362,1956,184,429,0.7908563630160355
valid_x,D,362,1956,184,429,0.7908563630160355
test_x,Df,394,2183,182,497,0.7914619164619164
test_x,D,394,2183,182,497,0.7914619164619164
