dataset,variable,TP,TN,FP,FN,accuracy
train_x,Df,65054,88000,5417,17,0.9657134925041644
train_x,D,65071,93417,0,0,1.0
valid_x,Df,7229,9786,594,1,0.9662123793299262
valid_x,D,7230,10380,0,0,1.0
test_x,Df,8030,10879,654,4,0.9663719527776358
test_x,D,8034,11533,0,0,1.0
