dataset,variable,TP,TN,FP,FN,accuracy
train_x,Df,30142,3728,2291,3394,0.8562760712931361
train_x,D,30142,3728,2291,3394,0.8562760712931361
valid_x,Df,3346,417,243,389,0.8562002275312856
valid_x,D,3346,417,243,389,0.8562002275312856
test_x,Df,3706,467,266,445,0.8544226044226044
test_x,D,3706,467,266,445,0.8544226044226044
