dataset,variable,TP,TN,FP,FN,accuracy
train_x,Df,31446,4727,3378,4,0.9144987991404374
train_x,D,31450,8105,0,0,1.0
valid_x,Df,3474,532,389,0,0.911490329920364
valid_x,D,3474,921,0,0,1.0
test_x,Df,3919,580,384,1,0.9211711711711712
test_x,D,3920,964,0,0,1.0
