,accuracy,f1_score,precision,recall,FNR,FPR,cross_entropy,FNR_diff,FPR_diff,equalized_odds,Equal_Opportunity,experiment,fold,eval_type,stage,WEOp,expected_acc,WEQ
0,0.594,0.700589970501475,0.5542590431738623,0.9519038076152304,0.04809619238476954,0.7624750499001997,0.24676039627934052,0.059932208440421644,0.016226123866486586,0.059932208440421575,0.059932208440421575,reweight,7,ground,proxy,0.009869215941249676,0.6025960652979702,0.025642395769884696
0,0.649,0.717163577759871,0.5997304582210242,0.8917835671342685,0.10821643286573146,0.592814371257485,0.1591027151596925,0.09302715387194099,0.03432375072351912,0.09302715387194094,0.09302715387194094,reduction,7,ground,proxy,0.057649945306454065,0.6572277607319557,0.057649945306454065
0,0.596,0.6683087027914615,0.5660639777468707,0.8156312625250501,0.1843687374749499,0.6227544910179641,0.15110608536206807,0.5023466309084814,0.46322593092803394,0.5023466309084814,0.5023466309084814,LR,7,ground,proxy,0.47881928609814955,0.5961178259426524,0.47881928609814955
