dataset,variable,TP,TN,FP,FN,accuracy
train_x,Df,3295,18620,1403,3056,0.8309319784636384
train_x,D,3295,18620,1403,3056,0.8309319784636384
valid_x,Df,395,2071,154,311,0.8413510747185261
valid_x,D,395,2071,154,311,0.8413510747185261
test_x,Df,403,2274,198,381,0.8221744471744472
test_x,D,403,2274,198,381,0.8221744471744472
