dataset,variable,TP,TN,FP,FN,accuracy
train_x,Df,40083,78933,14484,24989,0.7509417057335209
train_x,D,40083,78933,14484,24989,0.7509417057335209
valid_x,Df,4496,8788,1592,2734,0.7543441226575809
valid_x,D,4496,8788,1592,2734,0.7543441226575809
test_x,Df,4975,9800,1733,3058,0.7551364612082183
test_x,D,4975,9800,1733,3058,0.7551364612082183
