dataset,variable,TP,TN,FP,FN,accuracy
train_x,Df,3637,3759,249,455,0.9130864197530865
train_x,D,3637,3759,249,455,0.9130864197530865
valid_x,Df,403,401,30,66,0.8933333333333333
valid_x,D,403,401,30,66,0.8933333333333333
test_x,Df,441,457,39,63,0.898
test_x,D,441,457,39,63,0.898
