dataset,variable,TP,TN,FP,FN,accuracy
train_x,Df,3001,3591,885,623,0.8138271604938272
train_x,D,3001,3591,885,623,0.8138271604938272
valid_x,Df,334,386,99,81,0.8
valid_x,D,334,386,99,81,0.8
test_x,Df,360,448,120,72,0.808
test_x,D,360,448,120,72,0.808
