dataset,variable,TP,TN,FP,FN,accuracy
train_x,Df,3689,3545,597,269,0.8930864197530864
train_x,D,3325,2708,1434,633,0.7448148148148148
valid_x,Df,403,407,60,30,0.9
valid_x,D,374,312,155,59,0.7622222222222222
test_x,Df,425,458,84,33,0.883
test_x,D,394,349,193,64,0.743
