dataset,variable,TP,TN,FP,FN,accuracy
train_x,Df,3692,3115,876,417,0.8403703703703703
train_x,D,3692,3115,876,417,0.8403703703703703
valid_x,Df,399,362,99,40,0.8455555555555555
valid_x,D,399,362,99,40,0.8455555555555555
test_x,Df,421,398,114,67,0.819
test_x,D,421,398,114,67,0.819
