dataset,variable,TP,TN,FP,FN,accuracy
train_x,Df,3942,3303,346,509,0.8944444444444445
train_x,D,3942,3303,346,509,0.8944444444444445
valid_x,Df,428,383,32,57,0.9011111111111111
valid_x,D,428,383,32,57,0.9011111111111111
test_x,Df,503,398,38,61,0.901
test_x,D,503,398,38,61,0.901
