dataset,variable,TP,TN,FP,FN,accuracy
train_x,Df,3899,3603,389,209,0.9261728395061728
train_x,D,3899,3603,389,209,0.9261728395061728
valid_x,Df,420,414,40,26,0.9266666666666666
valid_x,D,420,414,40,26,0.9266666666666666
test_x,Df,491,439,50,20,0.93
test_x,D,491,439,50,20,0.93
