dataset,variable,TP,TN,FP,FN,accuracy
train_x,Df,65487,84330,7123,1548,0.9452892332542527
train_x,D,67035,91453,0,0,1.0
valid_x,Df,7262,9371,798,179,0.9445201590005678
valid_x,D,7441,10169,0,0,1.0
test_x,Df,8107,10394,880,186,0.9455205192415802
test_x,D,8293,11274,0,0,1.0
