dataset,variable,TP,TN,FP,FN,accuracy
train_x,Df,3931,3369,261,539,0.9012345679012346
train_x,D,3605,2477,1153,865,0.7508641975308642
valid_x,Df,423,396,25,56,0.91
valid_x,D,396,288,133,83,0.76
test_x,Df,479,415,34,72,0.894
test_x,D,434,295,154,117,0.729
