dataset,variable,TP,TN,FP,FN,accuracy
train_x,Df,7146,18997,229,2,0.9912413740805338
train_x,D,7148,19226,0,0,1.0
valid_x,Df,797,2120,14,0,0.995223473217332
valid_x,D,797,2134,0,0,1.0
test_x,Df,871,2356,29,0,0.9910933660933661
test_x,D,871,2385,0,0,1.0
