dataset,variable,TP,TN,FP,FN,accuracy
train_x,Df,30741,4750,3328,737,0.897234300738194
train_x,D,31478,8078,0,0,1.0
valid_x,Df,3409,535,369,82,0.8973833902161548
valid_x,D,3491,904,0,0,1.0
test_x,Df,3780,581,427,95,0.8930985050174073
test_x,D,3875,1008,0,0,1.0
