dataset,variable,TP,TN,FP,FN,accuracy
train_x,Df,3944,3215,624,317,0.8838271604938271
train_x,D,3944,3215,624,317,0.8838271604938271
valid_x,Df,422,366,76,36,0.8755555555555555
valid_x,D,422,366,76,36,0.8755555555555555
test_x,Df,446,408,89,57,0.854
test_x,D,446,408,89,57,0.854
