dataset,variable,TP,TN,FP,FN,accuracy
train_x,Df,3664,3614,546,276,0.8985185185185185
train_x,D,3320,2722,1438,620,0.7459259259259259
valid_x,Df,409,406,60,25,0.9055555555555556
valid_x,D,374,311,155,60,0.7611111111111111
test_x,Df,437,444,81,38,0.881
test_x,D,399,336,189,76,0.735
