dataset,variable,TP,TN,FP,FN,accuracy
train_x,Df,3659,2791,551,1099,0.7962962962962963
train_x,D,4758,3342,0,0,1.0
valid_x,Df,407,309,62,122,0.7955555555555556
valid_x,D,529,371,0,0,1.0
test_x,Df,450,344,68,138,0.794
test_x,D,588,412,0,0,1.0
