dataset,variable,TP,TN,FP,FN,accuracy
train_x,Df,3780,3498,535,287,0.8985185185185185
train_x,D,3531,2763,1270,536,0.7770370370370371
valid_x,Df,426,394,49,31,0.9111111111111111
valid_x,D,396,306,137,61,0.78
test_x,Df,457,443,58,42,0.9
test_x,D,438,347,154,61,0.785
