dataset,variable,TP,TN,FP,FN,accuracy
train_x,Df,3827,2811,488,974,0.8195061728395062
train_x,D,4801,3299,0,0,1.0
valid_x,Df,419,311,56,114,0.8111111111111111
valid_x,D,533,367,0,0,1.0
test_x,Df,458,351,57,134,0.809
test_x,D,592,408,0,0,1.0
