dataset,variable,TP,TN,FP,FN,accuracy
train_x,Df,34320,4548,8,680,0.9826069370007079
train_x,D,35000,4556,0,0,1.0
valid_x,Df,3783,516,0,96,0.9781569965870307
valid_x,D,3879,516,0,0,1.0
test_x,Df,4213,578,1,91,0.981159123489658
test_x,D,4304,579,0,0,1.0
