dataset,variable,TP,TN,FP,FN,accuracy
train_x,Df,33368,1406,3527,1254,0.8791303248641132
train_x,D,33368,1406,3527,1254,0.8791303248641132
valid_x,Df,3699,170,378,148,0.8803185437997725
valid_x,D,3699,170,378,148,0.8803185437997725
test_x,Df,4119,151,458,156,0.8742833742833743
test_x,D,4119,151,458,156,0.8742833742833743
