,accuracy,f1_score,precision,recall,FNR,FPR,cross_entropy,FNR_diff,FPR_diff,equalized_odds,Equal_Opportunity,experiment,fold,eval_type,stage,WEOp,expected_acc,WEQ
0,0.815,0.8054679284963198,0.7946058091286307,0.8166311300639659,0.18336886993603413,0.1864406779661017,-0.03396421184743731,0.04206412294647588,0.007365237502223787,0.04206412294647588,0.04206412294647588,reweight,8,ground,ground,0.0028738659205083117,0.8063801151061512,0.00624525725421371
0,0.807,0.7979057591623038,0.7839506172839507,0.8123667377398721,0.18763326226012794,0.1977401129943503,-0.03555516000818623,0.03605811694046987,0.0271126134139833,0.0360581169404699,0.0360581169404699,reduction,8,ground,ground,-0.008499253425359399,0.7993294285460456,0.04839070502340939
0,0.83,0.820675105485232,0.8121085594989561,0.8294243070362474,0.17057569296375266,0.1694915254237288,-0.03604365338911715,0.1429296944002826,0.09686888454011741,0.1429296944002827,0.1429296944002827,LR,8,ground,ground,0.09875757029949472,0.8286015365638909,0.09875757029949472
