dataset,variable,TP,TN,FP,FN,accuracy
train_x,Df,4013,15990,1770,4601,0.7584363388185335
train_x,D,4013,15990,1770,4601,0.7584363388185335
valid_x,Df,433,1749,193,556,0.7444558171272603
valid_x,D,433,1749,193,556,0.7444558171272603
test_x,Df,514,1994,217,531,0.7702702702702703
test_x,D,514,1994,217,531,0.7702702702702703
