dataset,variable,TP,TN,FP,FN,accuracy
train_x,Df,35707,3844,5,0,0.9998735969258772
train_x,D,35707,3849,0,0,1.0
valid_x,Df,3973,421,1,0,0.9997724687144482
valid_x,D,3973,422,0,0,1.0
test_x,Df,4416,466,1,0,0.999795207864018
test_x,D,4416,467,0,0,1.0
