dataset,variable,TP,TN,FP,FN,accuracy
train_x,Df,3292,18594,1429,3059,0.829832410707515
train_x,D,3292,18594,1429,3059,0.829832410707515
valid_x,Df,376,2068,157,330,0.8338451040600477
valid_x,D,376,2068,157,330,0.8338451040600477
test_x,Df,402,2302,170,382,0.8304668304668305
test_x,D,402,2302,170,382,0.8304668304668305
