dataset,variable,TP,TN,FP,FN,accuracy
train_x,Df,4005,3876,116,103,0.9729629629629629
train_x,D,3814,3721,271,294,0.9302469135802469
valid_x,Df,437,443,11,9,0.9777777777777777
valid_x,D,413,421,33,33,0.9266666666666666
test_x,Df,501,481,8,10,0.982
test_x,D,468,452,37,43,0.92
