dataset,variable,TP,TN,FP,FN,accuracy
train_x,Df,3862,3756,259,223,0.9404938271604938
train_x,D,4085,4015,0,0,1.0
valid_x,Df,419,425,29,27,0.9377777777777778
valid_x,D,446,454,0,0,1.0
test_x,Df,473,459,36,32,0.932
test_x,D,505,495,0,0,1.0
