dataset,variable,TP,TN,FP,FN,accuracy
train_x,Df,6946,17350,391,1687,0.9212102828543263
train_x,D,8633,17741,0,0,1.0
valid_x,Df,761,1958,35,177,0.927669737291027
valid_x,D,938,1993,0,0,1.0
test_x,Df,868,2137,42,209,0.922911547911548
test_x,D,1077,2179,0,0,1.0
