dataset,variable,TP,TN,FP,FN,accuracy
train_x,Df,5511,18821,410,1632,0.9225752635171002
train_x,D,7143,19231,0,0,1.0
valid_x,Df,629,2093,64,145,0.9286932787444558
valid_x,D,774,2157,0,0,1.0
test_x,Df,676,2354,56,170,0.9305896805896806
test_x,D,846,2410,0,0,1.0
