dataset,variable,TP,TN,FP,FN,accuracy
train_x,Df,4016,3890,91,103,0.9760493827160494
train_x,D,3815,3711,270,304,0.9291358024691359
valid_x,Df,433,453,8,6,0.9844444444444445
valid_x,D,408,434,27,31,0.9355555555555556
test_x,Df,498,481,12,9,0.979
test_x,D,472,449,44,35,0.921
