,experiment,fold,eval_type,stage,expected_acc,WEOp,WEQ
0,LR,10,ground,ground,0.806235154556981,0.08182031272026247,0.08193291579832362
