dataset,variable,TP,TN,FP,FN,accuracy
train_x,Df,3637,17616,1613,3508,0.8058315007204064
train_x,D,3637,17616,1613,3508,0.8058315007204064
valid_x,Df,446,1959,183,343,0.8205390651654725
valid_x,D,446,1959,183,343,0.8205390651654725
test_x,Df,444,2151,223,438,0.796990171990172
test_x,D,444,2151,223,438,0.796990171990172
