dataset,variable,TP,TN,FP,FN,accuracy
train_x,Df,4115,3868,2,115,0.9855555555555555
train_x,D,4230,3870,0,0,1.0
valid_x,Df,453,432,0,15,0.9833333333333333
valid_x,D,468,432,0,0,1.0
test_x,Df,509,476,0,15,0.985
test_x,D,524,476,0,0,1.0
