dataset,variable,TP,TN,FP,FN,accuracy
train_x,Df,4089,3965,28,18,0.994320987654321
train_x,D,4107,3870,123,0,0.9848148148148148
valid_x,Df,448,445,5,2,0.9922222222222222
valid_x,D,450,432,18,0,0.98
test_x,Df,506,489,3,2,0.995
test_x,D,508,476,16,0,0.984
