dataset,variable,TP,TN,FP,FN,accuracy
train_x,Df,55501,55788,24153,23046,0.7021919640603705
train_x,D,55501,55788,24153,23046,0.7021919640603705
valid_x,Df,6253,6153,2711,2493,0.7044860874503123
valid_x,D,6253,6153,2711,2493,0.7044860874503123
test_x,Df,6888,6833,3007,2839,0.7012316655593601
test_x,D,6888,6833,3007,2839,0.7012316655593601
