dataset,variable,TP,TN,FP,FN,accuracy
train_x,Df,3819,3692,336,253,0.927283950617284
train_x,D,3819,3692,336,253,0.927283950617284
valid_x,Df,437,394,41,28,0.9233333333333333
valid_x,D,437,394,41,28,0.9233333333333333
test_x,Df,500,432,40,28,0.932
test_x,D,500,432,40,28,0.932
