dataset,variable,TP,TN,FP,FN,accuracy
train_x,Df,3832,3579,323,366,0.9149382716049382
train_x,D,3832,3579,323,366,0.9149382716049382
valid_x,Df,437,375,41,47,0.9022222222222223
valid_x,D,437,375,41,47,0.9022222222222223
test_x,Df,500,420,40,40,0.92
test_x,D,500,420,40,40,0.92
