dataset,variable,TP,TN,FP,FN,accuracy
train_x,Df,56314,54815,25012,22348,0.7011779997349974
train_x,D,56314,54815,25012,22348,0.7011779997349974
valid_x,Df,6247,6194,2752,2417,0.706473594548552
valid_x,D,6247,6194,2752,2417,0.706473594548552
test_x,Df,6850,6779,3093,2844,0.6965654707145048
test_x,D,6850,6779,3093,2844,0.6965654707145048
