dataset,variable,TP,TN,FP,FN,accuracy
train_x,Df,3845,3774,242,239,0.9406172839506173
train_x,D,3554,2811,1205,530,0.7858024691358024
valid_x,Df,448,412,18,22,0.9555555555555556
valid_x,D,397,298,132,73,0.7722222222222223
test_x,Df,473,460,29,38,0.933
test_x,D,445,347,142,66,0.792
