dataset,variable,TP,TN,FP,FN,accuracy
train_x,Df,3153,3030,1451,466,0.7633333333333333
train_x,D,3153,3030,1451,466,0.7633333333333333
valid_x,Df,336,341,152,71,0.7522222222222222
valid_x,D,336,341,152,71,0.7522222222222222
test_x,Df,388,374,181,57,0.762
test_x,D,388,374,181,57,0.762
