dataset,variable,TP,TN,FP,FN,accuracy
train_x,Df,32757,2141,2792,1866,0.8822428961472343
train_x,D,32757,2141,2792,1866,0.8822428961472343
valid_x,Df,3587,231,317,260,0.8687144482366326
valid_x,D,3587,231,317,260,0.8687144482366326
test_x,Df,4036,256,353,238,0.8789678476346509
test_x,D,4036,256,353,238,0.8789678476346509
