dataset,variable,TP,TN,FP,FN,accuracy
train_x,Df,31179,2705,2916,2755,0.8566300088484389
train_x,D,31179,2705,2916,2755,0.8566300088484389
valid_x,Df,3419,296,332,348,0.8452787258248009
valid_x,D,3419,296,332,348,0.8452787258248009
test_x,Df,3827,321,384,352,0.8493038493038493
test_x,D,3827,321,384,352,0.8493038493038493
