dataset,variable,TP,TN,FP,FN,accuracy
train_x,Df,62132,77616,10187,8553,0.8817576094089142
train_x,D,70685,87803,0,0,1.0
valid_x,Df,6906,8596,1146,962,0.8802952867688814
valid_x,D,7868,9742,0,0,1.0
test_x,Df,7656,9564,1289,1058,0.880053150712935
test_x,D,8714,10853,0,0,1.0
