dataset,variable,TP,TN,FP,FN,accuracy
train_x,Df,3931,3858,134,177,0.961604938271605
train_x,D,3289,3639,353,819,0.8553086419753086
valid_x,Df,422,441,13,24,0.9588888888888889
valid_x,D,333,411,43,113,0.8266666666666667
test_x,Df,494,476,13,17,0.97
test_x,D,406,442,47,105,0.848
