dataset,variable,TP,TN,FP,FN,accuracy
train_x,Df,3306,3699,759,336,0.8648148148148148
train_x,D,3642,4458,0,0,1.0
valid_x,Df,335,424,100,41,0.8433333333333334
valid_x,D,376,524,0,0,1.0
test_x,Df,407,447,100,46,0.854
test_x,D,453,547,0,0,1.0
