dataset,variable,TP,TN,FP,FN,accuracy
train_x,Df,38938,68463,19340,31747,0.6776601383070011
train_x,D,38938,68463,19340,31747,0.6776601383070011
valid_x,Df,4251,7594,2148,3617,0.6726291879613856
valid_x,D,4251,7594,2148,3617,0.6726291879613856
test_x,Df,4824,8466,2387,3890,0.6792047835641641
test_x,D,4824,8466,2387,3890,0.6792047835641641
