dataset,variable,TP,TN,FP,FN,accuracy
train_x,Df,3934,3024,655,487,0.8590123456790123
train_x,D,3934,3024,655,487,0.8590123456790123
valid_x,Df,448,308,81,63,0.84
valid_x,D,448,308,81,63,0.84
test_x,Df,509,352,80,59,0.861
test_x,D,509,352,80,59,0.861
