dataset,variable,TP,TN,FP,FN,accuracy
train_x,Df,3427,17843,1375,3729,0.8064760749222719
train_x,D,3427,17843,1375,3729,0.8064760749222719
valid_x,Df,371,2012,138,410,0.8130330945069942
valid_x,D,371,2012,138,410,0.8130330945069942
test_x,Df,428,2206,171,451,0.808968058968059
test_x,D,428,2206,171,451,0.808968058968059
