dataset,variable,TP,TN,FP,FN,accuracy
train_x,Df,33899,4922,11,724,0.9814187481039539
train_x,D,34623,4933,0,0,1.0
valid_x,Df,3765,546,2,82,0.9808873720136518
valid_x,D,3847,548,0,0,1.0
test_x,Df,4195,608,1,79,0.9836166291214418
test_x,D,4274,609,0,0,1.0
