dataset,variable,TP,TN,FP,FN,accuracy
train_x,Df,3642,3325,835,298,0.8601234567901235
train_x,D,3642,3325,835,298,0.8601234567901235
valid_x,Df,405,365,101,29,0.8555555555555555
valid_x,D,405,365,101,29,0.8555555555555555
test_x,Df,433,404,121,42,0.837
test_x,D,433,404,121,42,0.837
