dataset,variable,TP,TN,FP,FN,accuracy
train_x,Df,3843,2877,422,958,0.8296296296296296
train_x,D,4801,3299,0,0,1.0
valid_x,Df,420,310,57,113,0.8111111111111111
valid_x,D,533,367,0,0,1.0
test_x,Df,499,356,52,93,0.855
test_x,D,592,408,0,0,1.0
