dataset,variable,TP,TN,FP,FN,accuracy
train_x,Df,3749,3517,516,318,0.8970370370370371
train_x,D,3531,2763,1270,536,0.7770370370370371
valid_x,Df,416,386,61,37,0.8911111111111111
valid_x,D,393,307,140,60,0.7777777777777778
test_x,Df,470,416,81,33,0.886
test_x,D,441,346,151,62,0.787
