dataset,variable,TP,TN,FP,FN,accuracy
train_x,Df,3806,3831,256,207,0.9428395061728395
train_x,D,3504,2790,1297,509,0.7770370370370371
valid_x,Df,430,420,25,25,0.9444444444444444
valid_x,D,404,315,130,51,0.7988888888888889
test_x,Df,443,479,29,49,0.922
test_x,D,419,334,174,73,0.753
