dataset,variable,TP,TN,FP,FN,accuracy
train_x,Df,3576,2813,486,1225,0.7887654320987655
train_x,D,4801,3299,0,0,1.0
valid_x,Df,406,317,49,128,0.8033333333333333
valid_x,D,534,366,0,0,1.0
test_x,Df,412,347,60,181,0.759
test_x,D,593,407,0,0,1.0
