dataset,variable,TP,TN,FP,FN,accuracy
train_x,Df,56019,55301,24551,22617,0.7023875624652971
train_x,D,56019,55301,24551,22617,0.7023875624652971
valid_x,Df,6234,6161,2756,2459,0.7038614423622942
valid_x,D,6234,6161,2756,2459,0.7038614423622942
test_x,Df,6912,6819,3057,2779,0.7017427301068125
test_x,D,6912,6819,3057,2779,0.7017427301068125
