dataset,variable,TP,TN,FP,FN,accuracy
train_x,Df,38400,76989,14290,28809,0.7280614305183989
train_x,D,38400,76989,14290,28809,0.7280614305183989
valid_x,Df,4302,8594,1573,3141,0.7323111868256672
valid_x,D,4302,8594,1573,3141,0.7323111868256672
test_x,Df,4722,9515,1706,3624,0.727602596207901
test_x,D,4722,9515,1706,3624,0.727602596207901
