dataset,variable,TP,TN,FP,FN,accuracy
train_x,Df,4064,3955,53,28,0.99
train_x,D,4092,3653,355,0,0.9561728395061728
valid_x,Df,465,424,7,4,0.9877777777777778
valid_x,D,469,392,39,0,0.9566666666666667
test_x,Df,501,490,6,3,0.991
test_x,D,504,455,41,0,0.959
