dataset,variable,TP,TN,FP,FN,accuracy
train_x,Df,1705,16688,1244,6737,0.697391370288921
train_x,D,1705,16688,1244,6737,0.697391370288921
valid_x,Df,201,1855,118,757,0.701467076083248
valid_x,D,201,1855,118,757,0.701467076083248
test_x,Df,202,2052,165,837,0.6922604422604423
test_x,D,202,2052,165,837,0.6922604422604423
