dataset,variable,TP,TN,FP,FN,accuracy
train_x,Df,3090,2947,1056,1007,0.7453086419753087
train_x,D,3090,2947,1056,1007,0.7453086419753087
valid_x,Df,345,302,136,117,0.7188888888888889
valid_x,D,345,302,136,117,0.7188888888888889
test_x,Df,376,360,142,122,0.736
test_x,D,376,360,142,122,0.736
