dataset,variable,TP,TN,FP,FN,accuracy
train_x,Df,3616,3486,530,468,0.8767901234567901
train_x,D,3616,3486,530,468,0.8767901234567901
valid_x,Df,409,358,72,61,0.8522222222222222
valid_x,D,409,358,72,61,0.8522222222222222
test_x,Df,445,416,73,66,0.861
test_x,D,445,416,73,66,0.861
