dataset,variable,TP,TN,FP,FN,accuracy
train_x,Df,3636,2417,882,1165,0.7472839506172839
train_x,D,3636,2417,882,1165,0.7472839506172839
valid_x,Df,404,269,97,130,0.7477777777777778
valid_x,D,404,269,97,130,0.7477777777777778
test_x,Df,423,287,120,170,0.71
test_x,D,423,287,120,170,0.71
