dataset,variable,TP,TN,FP,FN,accuracy
train_x,Df,3811,3380,707,202,0.8877777777777778
train_x,D,3811,3380,707,202,0.8877777777777778
valid_x,Df,420,364,81,35,0.8711111111111111
valid_x,D,420,364,81,35,0.8711111111111111
test_x,Df,458,423,85,34,0.881
test_x,D,458,423,85,34,0.881
