dataset,variable,TP,TN,FP,FN,accuracy
train_x,Df,3352,17626,329,5066,0.7954347249080499
train_x,D,8418,17955,0,0,1.0
valid_x,Df,361,1939,25,606,0.7847151142954623
valid_x,D,967,1964,0,0,1.0
test_x,Df,432,2170,33,622,0.7988946883635247
test_x,D,1054,2203,0,0,1.0
