dataset,variable,TP,TN,FP,FN,accuracy
train_x,Df,3956,3849,149,146,0.9635802469135802
train_x,D,3264,3632,366,838,0.851358024691358
valid_x,Df,442,421,21,16,0.9588888888888889
valid_x,D,369,412,30,89,0.8677777777777778
test_x,Df,478,474,21,27,0.952
test_x,D,395,448,47,110,0.843
