dataset,variable,TP,TN,FP,FN,accuracy
train_x,Df,3297,3662,808,333,0.8591358024691358
train_x,D,3630,4470,0,0,1.0
valid_x,Df,373,411,90,26,0.8711111111111111
valid_x,D,399,501,0,0,1.0
test_x,Df,399,458,100,43,0.857
test_x,D,442,558,0,0,1.0
