dataset,variable,TP,TN,FP,FN,accuracy
train_x,Df,38720,76876,14400,28492,0.729367523093231
train_x,D,38720,76876,14400,28492,0.729367523093231
valid_x,Df,4352,8480,1668,3110,0.7286768881317434
valid_x,D,4352,8480,1668,3110,0.7286768881317434
test_x,Df,4788,9434,1809,3536,0.7268359993867225
test_x,D,4788,9434,1809,3536,0.7268359993867225
