dataset,variable,TP,TN,FP,FN,accuracy
train_x,Df,30599,3310,2691,2956,0.8572403680857519
train_x,D,30599,3310,2691,2956,0.8572403680857519
valid_x,Df,3347,393,277,378,0.850967007963595
valid_x,D,3347,393,277,378,0.850967007963595
test_x,Df,3756,413,328,386,0.8537784149088675
test_x,D,3756,413,328,386,0.8537784149088675
