dataset,variable,TP,TN,FP,FN,accuracy
train_x,Df,4108,3880,1,111,0.9861728395061728
train_x,D,4219,3881,0,0,1.0
valid_x,Df,472,415,0,13,0.9855555555555555
valid_x,D,485,415,0,0,1.0
test_x,Df,504,482,0,14,0.986
test_x,D,518,482,0,0,1.0
