dataset,variable,TP,TN,FP,FN,accuracy
train_x,Df,4077,3976,32,15,0.9941975308641975
train_x,D,4092,3881,127,0,0.984320987654321
valid_x,Df,467,426,5,2,0.9922222222222222
valid_x,D,469,415,16,0,0.9822222222222222
test_x,Df,502,494,2,2,0.996
test_x,D,504,482,14,0,0.986
