dataset,variable,TP,TN,FP,FN,accuracy
train_x,Df,32393,3924,3237,2,0.9181160885832743
train_x,D,32395,7161,0,0,1.0
valid_x,Df,3563,431,400,1,0.9087599544937429
valid_x,D,3564,831,0,0,1.0
test_x,Df,3944,493,445,1,0.9086627073520377
test_x,D,3945,938,0,0,1.0
