dataset,variable,TP,TN,FP,FN,accuracy
train_x,Df,33794,4926,7,829,0.978865406006674
train_x,D,34623,4933,0,0,1.0
valid_x,Df,3736,548,0,111,0.9747440273037543
valid_x,D,3847,548,0,0,1.0
test_x,Df,4170,606,3,104,0.9780872414499283
test_x,D,4274,609,0,0,1.0
