dataset,variable,TP,TN,FP,FN,accuracy
train_x,Df,3128,2967,1026,979,0.7524691358024691
train_x,D,3128,2967,1026,979,0.7524691358024691
valid_x,Df,336,359,98,107,0.7722222222222223
valid_x,D,336,359,98,107,0.7722222222222223
test_x,Df,362,341,152,145,0.703
test_x,D,362,341,152,145,0.703
