dataset,variable,TP,TN,FP,FN,accuracy
train_x,Df,3740,3567,414,379,0.9020987654320988
train_x,D,3740,3567,414,379,0.9020987654320988
valid_x,Df,392,419,42,47,0.9011111111111111
valid_x,D,392,419,42,47,0.9011111111111111
test_x,Df,450,429,64,57,0.879
test_x,D,450,429,64,57,0.879
