dataset,variable,TP,TN,FP,FN,accuracy
train_x,Df,3763,3729,250,358,0.9249382716049382
train_x,D,3763,3729,250,358,0.9249382716049382
valid_x,Df,405,415,41,39,0.9111111111111111
valid_x,D,405,415,41,39,0.9111111111111111
test_x,Df,467,465,35,33,0.932
test_x,D,467,465,35,33,0.932
