dataset,variable,TP,TN,FP,FN,accuracy
train_x,Df,3533,3681,480,406,0.8906172839506172
train_x,D,3533,3681,480,406,0.8906172839506172
valid_x,Df,378,400,68,54,0.8644444444444445
valid_x,D,378,400,68,54,0.8644444444444445
test_x,Df,433,453,69,45,0.886
test_x,D,433,453,69,45,0.886
