dataset,variable,TP,TN,FP,FN,accuracy
train_x,Df,3178,2979,1014,929,0.7601234567901235
train_x,D,3114,2349,1644,993,0.6744444444444444
valid_x,Df,353,362,95,90,0.7944444444444444
valid_x,D,352,280,177,91,0.7022222222222222
test_x,Df,375,355,138,132,0.73
test_x,D,380,285,208,127,0.665
