dataset,variable,TP,TN,FP,FN,accuracy
train_x,Df,3653,2426,915,1106,0.7504938271604938
train_x,D,3653,2426,915,1106,0.7504938271604938
valid_x,Df,413,286,85,116,0.7766666666666666
valid_x,D,413,286,85,116,0.7766666666666666
test_x,Df,422,300,113,165,0.722
test_x,D,422,300,113,165,0.722
