dataset,variable,TP,TN,FP,FN,accuracy
train_x,Df,3938,3335,630,197,0.8979012345679013
train_x,D,3938,3335,630,197,0.8979012345679013
valid_x,Df,421,377,77,25,0.8866666666666667
valid_x,D,421,377,77,25,0.8866666666666667
test_x,Df,445,426,90,39,0.871
test_x,D,445,426,90,39,0.871
