dataset,variable,TP,TN,FP,FN,accuracy
train_x,Df,3140,3066,1444,450,0.7661728395061729
train_x,D,3140,3066,1444,450,0.7661728395061729
valid_x,Df,366,346,142,46,0.7911111111111111
valid_x,D,366,346,142,46,0.7911111111111111
test_x,Df,402,369,162,67,0.771
test_x,D,402,369,162,67,0.771
