dataset,variable,TP,TN,FP,FN,accuracy
train_x,Df,3673,3118,911,398,0.8383950617283951
train_x,D,3673,3118,911,398,0.8383950617283951
valid_x,Df,414,350,94,42,0.8488888888888889
valid_x,D,414,350,94,42,0.8488888888888889
test_x,Df,457,384,107,52,0.841
test_x,D,457,384,107,52,0.841
