dataset,variable,TP,TN,FP,FN,accuracy
train_x,Df,28602,2229,4932,3793,0.7794266356557792
train_x,D,28602,2229,4932,3793,0.7794266356557792
valid_x,Df,3120,233,598,444,0.7629124004550626
valid_x,D,3120,233,598,444,0.7629124004550626
test_x,Df,3490,267,671,455,0.7694040548842924
test_x,D,3490,267,671,455,0.7694040548842924
