dataset,variable,TP,TN,FP,FN,accuracy
train_x,Df,3794,3800,256,250,0.9375308641975308
train_x,D,3515,2769,1287,529,0.7758024691358024
valid_x,Df,421,428,25,26,0.9433333333333334
valid_x,D,392,311,142,55,0.7811111111111111
test_x,Df,442,510,21,27,0.952
test_x,D,420,359,172,49,0.779
