dataset,variable,TP,TN,FP,FN,accuracy
train_x,Df,3556,2804,494,1246,0.7851851851851852
train_x,D,4802,3298,0,0,1.0
valid_x,Df,394,314,52,140,0.7866666666666666
valid_x,D,534,366,0,0,1.0
test_x,Df,423,368,40,169,0.791
test_x,D,592,408,0,0,1.0
