dataset,variable,TP,TN,FP,FN,accuracy
train_x,Df,3091,3007,996,1006,0.7528395061728395
train_x,D,3108,2352,1651,989,0.674074074074074
valid_x,Df,360,332,106,102,0.7688888888888888
valid_x,D,352,261,177,110,0.6811111111111111
test_x,Df,384,384,118,114,0.768
test_x,D,386,301,201,112,0.687
