dataset,variable,TP,TN,FP,FN,accuracy
train_x,Df,30046,3840,2177,3492,0.8566805713563392
train_x,D,30046,3840,2177,3492,0.8566805713563392
valid_x,Df,3327,424,237,407,0.8534698521046644
valid_x,D,3327,424,237,407,0.8534698521046644
test_x,Df,3716,474,260,434,0.8579033579033579
test_x,D,3716,474,260,434,0.8579033579033579
