dataset,variable,TP,TN,FP,FN,accuracy
train_x,Df,3036,17658,1623,4056,0.7846661358207258
train_x,D,3036,17658,1623,4056,0.7846661358207258
valid_x,Df,327,1972,168,464,0.784373933810986
valid_x,D,327,1972,168,464,0.784373933810986
test_x,Df,391,2170,207,489,0.7863064169481118
test_x,D,391,2170,207,489,0.7863064169481118
