dataset,variable,TP,TN,FP,FN,accuracy
train_x,Df,35724,3828,4,0,0.9998988775407018
train_x,D,35724,3832,0,0,1.0
valid_x,Df,3962,432,1,0,0.9997724687144482
valid_x,D,3962,433,0,0,1.0
test_x,Df,4410,471,2,0,0.9995904157280361
test_x,D,4410,473,0,0,1.0
