dataset,variable,TP,TN,FP,FN,accuracy
train_x,Df,3646,3469,546,439,0.8783950617283951
train_x,D,3417,2674,1341,668,0.7519753086419753
valid_x,Df,395,412,53,40,0.8966666666666666
valid_x,D,371,307,158,64,0.7533333333333333
test_x,Df,446,417,67,70,0.863
test_x,D,419,315,169,97,0.734
