dataset,variable,TP,TN,FP,FN,accuracy
train_x,Df,28247,2353,4882,4073,0.7736063708759955
train_x,D,28247,2353,4882,4073,0.7736063708759955
valid_x,Df,3110,257,545,483,0.7660978384527872
valid_x,D,3110,257,545,483,0.7660978384527872
test_x,Df,3483,296,597,508,0.7737510237510238
test_x,D,3483,296,597,508,0.7737510237510238
