dataset,variable,TP,TN,FP,FN,accuracy
train_x,Df,3005,3584,874,637,0.8134567901234568
train_x,D,3005,3584,874,637,0.8134567901234568
valid_x,Df,303,406,118,73,0.7877777777777778
valid_x,D,303,406,118,73,0.7877777777777778
test_x,Df,379,424,123,74,0.803
test_x,D,379,424,123,74,0.803
