dataset,variable,TP,TN,FP,FN,accuracy
train_x,Df,3625,3738,254,483,0.9090123456790123
train_x,D,3625,3738,254,483,0.9090123456790123
valid_x,Df,394,427,27,52,0.9122222222222223
valid_x,D,394,427,27,52,0.9122222222222223
test_x,Df,468,455,34,43,0.923
test_x,D,468,455,34,43,0.923
