dataset,variable,TP,TN,FP,FN,accuracy
train_x,Df,2912,18347,1461,3654,0.8060589974975354
train_x,D,2912,18347,1461,3654,0.8060589974975354
valid_x,Df,298,2047,162,424,0.8000682360968953
valid_x,D,298,2047,162,424,0.8000682360968953
test_x,Df,331,2272,178,475,0.7994471744471745
test_x,D,331,2272,178,475,0.7994471744471745
