dataset,variable,TP,TN,FP,FN,accuracy
train_x,Df,3755,3526,500,319,0.8988888888888888
train_x,D,3546,2771,1255,528,0.7798765432098765
valid_x,Df,432,395,43,30,0.9188888888888889
valid_x,D,402,307,131,60,0.7877777777777778
test_x,Df,452,453,60,35,0.905
test_x,D,417,338,175,70,0.755
