dataset,variable,TP,TN,FP,FN,accuracy
train_x,Df,3792,2836,463,1009,0.8182716049382716
train_x,D,4801,3299,0,0,1.0
valid_x,Df,415,307,60,118,0.8022222222222222
valid_x,D,533,367,0,0,1.0
test_x,Df,449,345,63,143,0.794
test_x,D,592,408,0,0,1.0
