dataset,variable,TP,TN,FP,FN,accuracy
train_x,Df,3659,3470,551,420,0.8801234567901235
train_x,D,3410,2673,1348,669,0.7509876543209877
valid_x,Df,410,381,59,50,0.8788888888888889
valid_x,D,381,292,148,79,0.7477777777777778
test_x,Df,439,424,79,58,0.863
test_x,D,416,331,172,81,0.747
