dataset,variable,TP,TN,FP,FN,accuracy
train_x,Df,3129,17630,1623,3992,0.7871009327367863
train_x,D,3129,17630,1623,3992,0.7871009327367863
valid_x,Df,339,1979,189,424,0.7908563630160355
valid_x,D,339,1979,189,424,0.7908563630160355
test_x,Df,368,2170,207,511,0.7794840294840295
test_x,D,368,2170,207,511,0.7794840294840295
