dataset,variable,TP,TN,FP,FN,accuracy
train_x,Df,3875,3588,281,356,0.9213580246913581
train_x,D,3571,2682,1187,660,0.7719753086419753
valid_x,Df,418,419,25,38,0.93
valid_x,D,383,298,146,73,0.7566666666666667
test_x,Df,487,433,32,48,0.92
test_x,D,455,332,133,80,0.787
