dataset,variable,TP,TN,FP,FN,accuracy
train_x,Df,3927,3715,283,175,0.9434567901234568
train_x,D,3562,2802,1196,540,0.785679012345679
valid_x,Df,438,411,31,20,0.9433333333333334
valid_x,D,397,310,132,61,0.7855555555555556
test_x,Df,474,451,44,31,0.925
test_x,D,437,344,151,68,0.781
