dataset,variable,TP,TN,FP,FN,accuracy
train_x,Df,3171,3339,1115,475,0.8037037037037037
train_x,D,2851,2546,1908,795,0.6662962962962963
valid_x,Df,340,378,123,59,0.7977777777777778
valid_x,D,315,287,214,84,0.6688888888888889
test_x,Df,374,439,135,52,0.813
test_x,D,349,336,238,77,0.685
