dataset,variable,TP,TN,FP,FN,accuracy
train_x,Df,5232,18443,835,1864,0.8976643664214757
train_x,D,7096,19278,0,0,1.0
valid_x,Df,570,2061,100,200,0.8976458546571137
valid_x,D,770,2161,0,0,1.0
test_x,Df,642,2288,107,219,0.8998771498771498
test_x,D,861,2395,0,0,1.0
