dataset,variable,TP,TN,FP,FN,accuracy
train_x,Df,3898,3585,285,332,0.9238271604938272
train_x,D,3577,2688,1182,653,0.7734567901234568
valid_x,Df,429,412,20,39,0.9344444444444444
valid_x,D,396,299,133,72,0.7722222222222223
test_x,Df,484,447,29,40,0.931
test_x,D,436,325,151,88,0.761
