dataset,variable,TP,TN,FP,FN,accuracy
train_x,Df,3088,17664,1630,3992,0.7868355198301358
train_x,D,3088,17664,1630,3992,0.7868355198301358
valid_x,Df,336,1915,212,468,0.7679972705561242
valid_x,D,336,1915,212,468,0.7679972705561242
test_x,Df,358,2183,194,521,0.7804054054054054
test_x,D,358,2183,194,521,0.7804054054054054
