dataset,variable,TP,TN,FP,FN,accuracy
train_x,Df,28065,3587,4507,3397,0.8001820204267368
train_x,D,28065,3587,4507,3397,0.8001820204267368
valid_x,Df,3089,416,475,415,0.7974971558589306
valid_x,D,3089,416,475,415,0.7974971558589306
test_x,Df,3454,457,548,424,0.8009420438255171
test_x,D,3454,457,548,424,0.8009420438255171
