dataset,variable,TP,TN,FP,FN,accuracy
train_x,Df,3300,2689,1304,807,0.7393827160493828
train_x,D,3300,2689,1304,807,0.7393827160493828
valid_x,Df,350,319,138,93,0.7433333333333333
valid_x,D,350,319,138,93,0.7433333333333333
test_x,Df,392,316,177,115,0.708
test_x,D,392,316,177,115,0.708
