,accuracy,f1_score,precision,recall,FNR,FPR,cross_entropy,FNR_diff,FPR_diff,equalized_odds,Equal_Opportunity,experiment,fold,eval_type,stage,WEOp,expected_acc,WEQ
0,0.594,0.7083333333333334,0.5545556805399325,0.9801192842942346,0.019880715705765408,0.7967806841046278,0.2717136947794985,0.029580371474432467,0.060062014316885515,0.060062014316885515,0.029580371474432487,reweight,9,ground,proxy,0.07923478997412325,0.6108886637179676,0.07923478997412325
0,0.657,0.7271280827366746,0.6061007957559682,0.9085487077534792,0.09145129224652088,0.5975855130784709,0.1749839144603726,0.1495261025758618,0.20200589518814838,0.20200589518814838,0.14952610257586185,reduction,9,ground,proxy,0.1924239928736764,0.6559182578445325,0.1924239928736764
0,0.601,0.6795180722891567,0.5700808625336927,0.8409542743538767,0.15904572564612326,0.641851106639839,0.16982105923718657,0.5057708476649087,0.5414577192512345,0.5414577192512345,0.5057708476649087,LR,9,ground,proxy,0.5332867707205073,0.6150842495599209,0.5332867707205073
