dataset,variable,TP,TN,FP,FN,accuracy
train_x,Df,34254,4576,7,718,0.9816710908861079
train_x,D,34972,4583,0,0,1.0
valid_x,Df,3805,507,0,83,0.9811149032992036
valid_x,D,3888,507,0,0,1.0
test_x,Df,4239,559,2,84,0.9823914823914824
test_x,D,4323,561,0,0,1.0
