dataset,variable,TP,TN,FP,FN,accuracy
train_x,Df,3501,3723,478,398,0.8918518518518519
train_x,D,3501,3723,478,398,0.8918518518518519
valid_x,Df,400,401,58,41,0.89
valid_x,D,400,401,58,41,0.89
test_x,Df,447,422,69,62,0.869
test_x,D,447,422,69,62,0.869
