dataset,variable,TP,TN,FP,FN,accuracy
train_x,Df,3732,3781,247,340,0.9275308641975308
train_x,D,3732,3781,247,340,0.9275308641975308
valid_x,Df,425,402,33,40,0.9188888888888889
valid_x,D,425,402,33,40,0.9188888888888889
test_x,Df,482,438,34,46,0.92
test_x,D,482,438,34,46,0.92
