dataset,variable,TP,TN,FP,FN,accuracy
train_x,Df,3995,15978,1763,4638,0.7572988549328884
train_x,D,3995,15978,1763,4638,0.7572988549328884
valid_x,Df,481,1798,195,457,0.7775503241214603
valid_x,D,481,1798,195,457,0.7775503241214603
test_x,Df,491,1950,229,586,0.7496928746928747
test_x,D,491,1950,229,586,0.7496928746928747
