dataset,variable,TP,TN,FP,FN,accuracy
train_x,Df,30936,2895,2746,2979,0.8552684801294368
train_x,D,30936,2895,2746,2979,0.8552684801294368
valid_x,Df,3403,342,286,364,0.8521046643913538
valid_x,D,3403,342,286,364,0.8521046643913538
test_x,Df,3814,362,323,384,0.8552119598607414
test_x,D,3814,362,323,384,0.8552119598607414
