dataset,variable,TP,TN,FP,FN,accuracy
train_x,Df,4030,3915,66,89,0.9808641975308642
train_x,D,3836,3868,113,283,0.9511111111111111
valid_x,Df,425,450,11,14,0.9722222222222222
valid_x,D,401,442,19,38,0.9366666666666666
test_x,Df,493,483,10,14,0.976
test_x,D,467,480,13,40,0.947
