dataset,variable,TP,TN,FP,FN,accuracy
train_x,Df,3855,3910,241,94,0.9586419753086419
train_x,D,3949,4151,0,0,1.0
valid_x,Df,405,449,31,15,0.9488888888888889
valid_x,D,420,480,0,0,1.0
test_x,Df,468,485,35,12,0.953
test_x,D,480,520,0,0,1.0
