dataset,variable,TP,TN,FP,FN,accuracy
train_x,Df,3614,3772,256,458,0.9118518518518518
train_x,D,3614,3772,256,458,0.9118518518518518
valid_x,Df,415,404,31,50,0.91
valid_x,D,415,404,31,50,0.91
test_x,Df,467,438,34,61,0.905
test_x,D,467,438,34,61,0.905
