dataset,variable,TP,TN,FP,FN,accuracy
train_x,Df,2956,3595,914,635,0.8087654320987654
train_x,D,2956,3595,914,635,0.8087654320987654
valid_x,Df,339,385,107,69,0.8044444444444444
valid_x,D,339,385,107,69,0.8044444444444444
test_x,Df,382,409,119,90,0.791
test_x,D,382,409,119,90,0.791
