dataset,variable,TP,TN,FP,FN,accuracy
train_x,Df,7572,17512,192,1098,0.951088192917267
train_x,D,8670,17704,0,0,1.0
valid_x,Df,820,1990,14,107,0.9587171613783692
valid_x,D,927,2004,0,0,1.0
test_x,Df,919,2188,17,132,0.9542383292383292
test_x,D,1051,2205,0,0,1.0
