dataset,variable,TP,TN,FP,FN,accuracy
train_x,Df,3859,3436,228,577,0.9006172839506172
train_x,D,3586,2491,1173,850,0.7502469135802469
valid_x,Df,449,379,17,55,0.92
valid_x,D,400,267,129,104,0.7411111111111112
test_x,Df,473,411,29,87,0.884
test_x,D,449,302,138,111,0.751
