dataset,variable,TP,TN,FP,FN,accuracy
train_x,Df,3845,3033,1000,222,0.8491358024691358
train_x,D,3845,3033,1000,222,0.8491358024691358
valid_x,Df,431,334,109,26,0.85
valid_x,D,431,334,109,26,0.85
test_x,Df,465,366,135,34,0.831
test_x,D,465,366,135,34,0.831
