dataset,variable,TP,TN,FP,FN,accuracy
train_x,Df,3722,2176,1123,1079,0.7281481481481481
train_x,D,3722,2176,1123,1079,0.7281481481481481
valid_x,Df,414,241,126,119,0.7277777777777777
valid_x,D,414,241,126,119,0.7277777777777777
test_x,Df,456,264,144,136,0.72
test_x,D,456,264,144,136,0.72
