dataset,variable,TP,TN,FP,FN,accuracy
train_x,Df,3790,2968,1075,267,0.834320987654321
train_x,D,3790,2968,1075,267,0.834320987654321
valid_x,Df,431,309,122,38,0.8222222222222222
valid_x,D,431,309,122,38,0.8222222222222222
test_x,Df,466,376,127,31,0.842
test_x,D,466,376,127,31,0.842
