dataset,variable,TP,TN,FP,FN,accuracy
train_x,Df,3708,2142,1157,1093,0.7222222222222222
train_x,D,3708,2142,1157,1093,0.7222222222222222
valid_x,Df,410,224,143,123,0.7044444444444444
valid_x,D,410,224,143,123,0.7044444444444444
test_x,Df,463,278,130,129,0.741
test_x,D,463,278,130,129,0.741
