iter,time,total_time,circuit_size,cross_entropy_D,cross_entropy_Df,train_discrimination,valid_discrimination,test_discrimination,train_mll,valid_mll,test_mll,struct?,stop?,P(D),P(Df),P(S),"P(D|Df,S)","P(D|Df,notS)","P(D|notDf,S)","P(D|notDf,notS)"
0,0.057222704,0.057222704,213,0.54158463140463,0.54158463140463,0.024332852802063265,0.018340434814215156,0.02717249397255278,-5.004154590794872,-5.024243342128036,-5.0109865753862115,true,true,0.4244679441475434,0.0,0.5285761156925717,0.0,0.0,0.0,0.0
1,3.795657299,3.852880003,213,0.54158463140463,0.54158463140463,0.024332852802063265,0.018340434814215156,0.02717249397255278,-5.004154590794872,-5.024243342128036,-5.0109865753862115,true,,0.4244679441475434,0.0,0.5285761156925717,0.0,0.0,0.0,0.0
2,0.755758015,4.608638018,215,0.54158463140463,0.54158463140463,0.024332852802063265,0.018340434814215156,0.02717249397255278,-5.004154590794872,-5.024243342128036,-5.0109865753862115,true,,0.4244679441475434,0.0,0.5285761156925717,0.0,0.0,0.0,0.0
3,0.006997079,4.615635096999999,215,0.54158463140463,0.54158463140463,0.024332852802063265,0.018340434814215156,0.02717249397255278,-5.004154590794872,-5.024243342128037,-5.0109865753862115,true,,0.4244679441475434,0.0,0.5285761156925717,0.0,0.0,0.0,0.0
