dataset,variable,TP,TN,FP,FN,accuracy
train_x,Df,3683,2191,1109,1117,0.7251851851851852
train_x,D,3683,2191,1109,1117,0.7251851851851852
valid_x,Df,406,242,125,127,0.72
valid_x,D,406,242,125,127,0.72
test_x,Df,454,260,147,139,0.714
test_x,D,454,260,147,139,0.714
