dataset,variable,TP,TN,FP,FN,accuracy
train_x,Df,3834,3068,958,240,0.8520987654320987
train_x,D,3834,3068,958,240,0.8520987654320987
valid_x,Df,411,344,120,25,0.8388888888888889
valid_x,D,411,344,120,25,0.8388888888888889
test_x,Df,474,360,127,39,0.834
test_x,D,474,360,127,39,0.834
