dataset,variable,TP,TN,FP,FN,accuracy
train_x,Df,3610,2413,885,1192,0.7435802469135803
train_x,D,3610,2413,885,1192,0.7435802469135803
valid_x,Df,392,278,88,142,0.7444444444444445
valid_x,D,392,278,88,142,0.7444444444444445
test_x,Df,439,316,92,153,0.755
test_x,D,439,316,92,153,0.755
