dataset,variable,TP,TN,FP,FN,accuracy
train_x,Df,3828,3389,667,216,0.8909876543209877
train_x,D,3828,3389,667,216,0.8909876543209877
valid_x,Df,420,393,60,27,0.9033333333333333
valid_x,D,420,393,60,27,0.9033333333333333
test_x,Df,449,449,82,20,0.898
test_x,D,449,449,82,20,0.898
