dataset,variable,TP,TN,FP,FN,accuracy
train_x,Df,4005,3919,74,102,0.9782716049382716
train_x,D,3805,3872,121,302,0.9477777777777778
valid_x,Df,441,440,10,9,0.9788888888888889
valid_x,D,422,442,8,28,0.96
test_x,Df,498,485,7,10,0.983
test_x,D,477,476,16,31,0.953
