dataset,variable,TP,TN,FP,FN,accuracy
train_x,Df,3819,3914,260,107,0.9546913580246914
train_x,D,3926,4174,0,0,1.0
valid_x,Df,425,444,26,5,0.9655555555555555
valid_x,D,430,470,0,0,1.0
test_x,Df,480,482,25,13,0.962
test_x,D,493,507,0,0,1.0
