dataset,variable,TP,TN,FP,FN,accuracy
train_x,Df,5181,17851,1441,1901,0.8732842951391522
train_x,D,7082,19292,0,0,1.0
valid_x,Df,585,1961,194,191,0.8686455134766291
valid_x,D,776,2155,0,0,1.0
test_x,Df,660,2221,166,209,0.8848280098280098
test_x,D,869,2387,0,0,1.0
