dataset,variable,TP,TN,FP,FN,accuracy
train_x,Df,3004,18301,1513,3556,0.8078031394555244
train_x,D,3004,18301,1513,3556,0.8078031394555244
valid_x,Df,317,2026,174,414,0.7993858751279427
valid_x,D,317,2026,174,414,0.7993858751279427
test_x,Df,384,2265,188,419,0.8135749385749386
test_x,D,384,2265,188,419,0.8135749385749386
