dataset,variable,TP,TN,FP,FN,accuracy
train_x,Df,33913,4450,1191,2,0.9698402265143088
train_x,D,33915,5641,0,0,1.0
valid_x,Df,3767,496,132,0,0.9699658703071672
valid_x,D,3767,628,0,0,1.0
test_x,Df,4197,549,136,1,0.9719434773704689
test_x,D,4198,685,0,0,1.0
