dataset,variable,TP,TN,FP,FN,accuracy
train_x,Df,67201,88469,2807,11,0.9822194740295795
train_x,D,67212,91276,0,0,1.0
valid_x,Df,7462,9795,353,0,0.9799545712663259
valid_x,D,7462,10148,0,0,1.0
test_x,Df,8323,10868,375,1,0.9807839730157919
test_x,D,8324,11243,0,0,1.0
