dataset,variable,TP,TN,FP,FN,accuracy
train_x,Df,3828,3754,277,241,0.9360493827160494
train_x,D,4069,4031,0,0,1.0
valid_x,Df,445,405,31,19,0.9444444444444444
valid_x,D,464,436,0,0,1.0
test_x,Df,472,464,33,31,0.936
test_x,D,503,497,0,0,1.0
