dataset,variable,TP,TN,FP,FN,accuracy
train_x,Df,3985,3888,120,107,0.9719753086419753
train_x,D,3785,3724,284,307,0.927037037037037
valid_x,Df,462,417,14,7,0.9766666666666667
valid_x,D,443,410,21,26,0.9477777777777778
test_x,Df,493,484,12,11,0.977
test_x,D,467,460,36,37,0.927
