dataset,variable,TP,TN,FP,FN,accuracy
train_x,Df,32562,1352,4295,1347,0.8573667711598746
train_x,D,32562,1352,4295,1347,0.8573667711598746
valid_x,Df,3593,165,458,179,0.8550625711035267
valid_x,D,3593,165,458,179,0.8550625711035267
test_x,Df,4035,156,528,164,0.858283841900471
test_x,D,4035,156,528,164,0.858283841900471
