dataset,variable,TP,TN,FP,FN,accuracy
train_x,Df,3991,15979,1735,4669,0.7571851065443239
train_x,D,3991,15979,1735,4669,0.7571851065443239
valid_x,Df,460,1810,191,470,0.7744796997611737
valid_x,D,460,1810,191,470,0.7744796997611737
test_x,Df,489,1973,225,569,0.7561425061425061
test_x,D,489,1973,225,569,0.7561425061425061
