dataset,variable,TP,TN,FP,FN,accuracy
train_x,Df,69914,74460,5388,8727,0.9109401914328439
train_x,D,78641,79848,0,0,1.0
valid_x,Df,7728,8328,611,943,0.9117546848381601
valid_x,D,8671,8939,0,0,1.0
test_x,Df,8640,9194,664,1068,0.9114790963916999
test_x,D,9708,9858,0,0,1.0
