dataset,variable,TP,TN,FP,FN,accuracy
train_x,Df,3956,3382,252,510,0.9059259259259259
train_x,D,3603,2479,1155,863,0.7508641975308642
valid_x,Df,423,369,38,70,0.88
valid_x,D,394,272,135,99,0.74
test_x,Df,478,421,38,63,0.899
test_x,D,438,309,150,103,0.747
