dataset,variable,TP,TN,FP,FN,accuracy
train_x,Df,39650,79743,13674,25421,0.7533251728837514
train_x,D,39650,79743,13674,25421,0.7533251728837514
valid_x,Df,4367,8843,1537,2863,0.7501419647927314
valid_x,D,4367,8843,1537,2863,0.7501419647927314
test_x,Df,4918,9834,1699,3116,0.7539224204016968
test_x,D,4918,9834,1699,3116,0.7539224204016968
