dataset,variable,TP,TN,FP,FN,accuracy
train_x,Df,3790,3461,629,220,0.8951851851851852
train_x,D,3790,3461,629,220,0.8951851851851852
valid_x,Df,426,373,74,27,0.8877777777777778
valid_x,D,426,373,74,27,0.8877777777777778
test_x,Df,473,419,84,24,0.892
test_x,D,473,419,84,24,0.892
