dataset,variable,TP,TN,FP,FN,accuracy
train_x,Df,3570,2450,849,1231,0.7432098765432099
train_x,D,3570,2450,849,1231,0.7432098765432099
valid_x,Df,395,261,105,139,0.7288888888888889
valid_x,D,395,261,105,139,0.7288888888888889
test_x,Df,445,295,112,148,0.74
test_x,D,445,295,112,148,0.74
