dataset,variable,TP,TN,FP,FN,accuracy
train_x,Df,3932,3813,185,170,0.9561728395061728
train_x,D,3267,3164,834,835,0.7939506172839507
valid_x,Df,435,404,38,23,0.9322222222222222
valid_x,D,364,340,102,94,0.7822222222222223
test_x,Df,481,470,25,24,0.951
test_x,D,395,400,95,110,0.795
