dataset,variable,TP,TN,FP,FN,accuracy
train_x,Df,3291,3173,826,810,0.7980246913580247
train_x,D,4101,3999,0,0,1.0
valid_x,Df,376,337,97,90,0.7922222222222223
valid_x,D,466,434,0,0,1.0
test_x,Df,394,398,112,96,0.792
test_x,D,490,510,0,0,1.0
