dataset,variable,TP,TN,FP,FN,accuracy
train_x,Df,3920,3587,272,321,0.9267901234567901
train_x,D,3584,2685,1174,657,0.7739506172839506
valid_x,Df,423,417,25,35,0.9333333333333333
valid_x,D,394,307,135,64,0.7788888888888889
test_x,Df,478,442,35,45,0.92
test_x,D,431,320,157,92,0.751
