dataset,variable,TP,TN,FP,FN,accuracy
train_x,Df,5237,17774,1531,1832,0.8724880564192007
train_x,D,7069,19305,0,0,1.0
valid_x,Df,581,1962,175,213,0.8676219720232002
valid_x,D,794,2137,0,0,1.0
test_x,Df,618,2195,197,246,0.8639434889434889
test_x,D,864,2392,0,0,1.0
