dataset,variable,TP,TN,FP,FN,accuracy
train_x,Df,4041,15937,1817,4578,0.7575171576991621
train_x,D,4041,15937,1817,4578,0.7575171576991621
valid_x,Df,430,1782,187,532,0.754691231661549
valid_x,D,430,1782,187,532,0.754691231661549
test_x,Df,516,1969,221,551,0.762972060178078
test_x,D,516,1969,221,551,0.762972060178078
