dataset,variable,TP,TN,FP,FN,accuracy
train_x,Df,3773,3847,240,240,0.9407407407407408
train_x,D,3495,2781,1306,518,0.7748148148148148
valid_x,Df,420,431,24,25,0.9455555555555556
valid_x,D,393,314,141,52,0.7855555555555556
test_x,Df,470,468,30,32,0.938
test_x,D,439,344,154,63,0.783
