dataset,variable,TP,TN,FP,FN,accuracy
train_x,Df,3540,2826,473,1261,0.7859259259259259
train_x,D,4801,3299,0,0,1.0
valid_x,Df,396,318,48,138,0.7933333333333333
valid_x,D,534,366,0,0,1.0
test_x,Df,446,353,54,147,0.799
test_x,D,593,407,0,0,1.0
