dataset,variable,TP,TN,FP,FN,accuracy
train_x,Df,62295,77548,10230,8415,0.8823570238756246
train_x,D,70710,87778,0,0,1.0
valid_x,Df,6872,8644,1101,993,0.8810902896081771
valid_x,D,7865,9745,0,0,1.0
test_x,Df,7649,9584,1291,1043,0.8807175346246231
test_x,D,8692,10875,0,0,1.0
