dataset,variable,TP,TN,FP,FN,accuracy
train_x,Df,3969,3286,317,528,0.895679012345679
train_x,D,3599,2443,1160,898,0.7459259259259259
valid_x,Df,432,387,31,50,0.91
valid_x,D,405,294,124,77,0.7766666666666666
test_x,Df,463,433,46,58,0.896
test_x,D,431,323,156,90,0.754
