dataset,variable,TP,TN,FP,FN,accuracy
train_x,Df,33921,4457,1177,0,0.9702439641006194
train_x,D,33921,5634,0,0,1.0
valid_x,Df,3768,493,134,0,0.9695108077360637
valid_x,D,3768,627,0,0,1.0
test_x,Df,4191,544,149,0,0.9694922194922195
test_x,D,4191,693,0,0,1.0
