dataset,variable,TP,TN,FP,FN,accuracy
train_x,Df,68230,83540,5346,1372,0.9576119327646258
train_x,D,69602,88886,0,0,1.0
valid_x,Df,7557,9277,631,145,0.9559341283361726
valid_x,D,7702,9908,0,0,1.0
test_x,Df,8426,10280,686,175,0.9559973424643532
test_x,D,8601,10966,0,0,1.0
