dataset,variable,TP,TN,FP,FN,accuracy
train_x,Df,3655,3614,537,294,0.8974074074074074
train_x,D,3333,2726,1425,616,0.7480246913580247
valid_x,Df,390,422,58,30,0.9022222222222223
valid_x,D,359,310,170,61,0.7433333333333333
test_x,Df,440,447,73,40,0.887
test_x,D,401,333,187,79,0.734
