dataset,variable,TP,TN,FP,FN,accuracy
train_x,Df,3684,2834,508,1074,0.8046913580246914
train_x,D,4758,3342,0,0,1.0
valid_x,Df,396,319,52,133,0.7944444444444444
valid_x,D,529,371,0,0,1.0
test_x,Df,443,342,70,145,0.785
test_x,D,588,412,0,0,1.0
