dataset,variable,TP,TN,FP,FN,accuracy
train_x,Df,35023,817,3024,692,0.9060572353119628
train_x,D,35023,817,3024,692,0.9060572353119628
valid_x,Df,3887,100,322,86,0.9071672354948805
valid_x,D,3887,100,322,86,0.9071672354948805
test_x,Df,4317,95,380,91,0.9035429039524883
test_x,D,4317,95,380,91,0.9035429039524883
