dataset,variable,TP,TN,FP,FN,accuracy
train_x,Df,3760,3151,875,314,0.8532098765432099
train_x,D,3760,3151,875,314,0.8532098765432099
valid_x,Df,426,351,87,36,0.8633333333333333
valid_x,D,426,351,87,36,0.8633333333333333
test_x,Df,449,408,105,38,0.857
test_x,D,449,408,105,38,0.857
