dataset,variable,TP,TN,FP,FN,accuracy
train_x,Df,3612,2276,1023,1189,0.7269135802469135
train_x,D,3612,2276,1023,1189,0.7269135802469135
valid_x,Df,396,250,117,137,0.7177777777777777
valid_x,D,396,250,117,137,0.7177777777777777
test_x,Df,417,271,137,175,0.688
test_x,D,417,271,137,175,0.688
