dataset,variable,TP,TN,FP,FN,accuracy
train_x,Df,3539,2840,459,1262,0.7875308641975308
train_x,D,4801,3299,0,0,1.0
valid_x,Df,378,316,50,156,0.7711111111111111
valid_x,D,534,366,0,0,1.0
test_x,Df,465,348,59,128,0.813
test_x,D,593,407,0,0,1.0
