dataset,variable,TP,TN,FP,FN,accuracy
train_x,Df,3745,3846,253,256,0.9371604938271605
train_x,D,3486,2784,1315,515,0.774074074074074
valid_x,Df,408,436,20,36,0.9377777777777778
valid_x,D,383,305,151,61,0.7644444444444445
test_x,Df,498,459,26,17,0.957
test_x,D,458,350,135,57,0.808
