dataset,variable,TP,TN,FP,FN,accuracy
train_x,Df,3951,3324,333,492,0.8981481481481481
train_x,D,3951,3324,333,492,0.8981481481481481
valid_x,Df,445,357,40,58,0.8911111111111111
valid_x,D,445,357,40,58,0.8911111111111111
test_x,Df,481,402,44,73,0.883
test_x,D,481,402,44,73,0.883
