dataset,variable,TP,TN,FP,FN,accuracy
train_x,Df,3903,3617,381,199,0.928395061728395
train_x,D,3903,3617,381,199,0.928395061728395
valid_x,Df,433,390,52,25,0.9144444444444444
valid_x,D,433,390,52,25,0.9144444444444444
test_x,Df,473,443,52,32,0.916
test_x,D,473,443,52,32,0.916
