dataset,variable,TP,TN,FP,FN,accuracy
train_x,Df,62192,77588,10209,8500,0.8819539526402463
train_x,D,70692,87797,0,0,1.0
valid_x,Df,6868,8645,1169,928,0.8809199318568995
valid_x,D,7796,9814,0,0,1.0
test_x,Df,7695,9542,1245,1084,0.8809669835428805
test_x,D,8779,10787,0,0,1.0
