dataset,variable,TP,TN,FP,FN,accuracy
train_x,Df,69787,74359,5581,8762,0.9095016057896762
train_x,D,78549,79940,0,0,1.0
valid_x,Df,7803,8201,648,958,0.9088018171493469
valid_x,D,8761,8849,0,0,1.0
test_x,Df,8611,9221,635,1099,0.911376878258203
test_x,D,9710,9856,0,0,1.0
