,accuracy,f1_score,precision,recall,FNR,FPR,cross_entropy,FNR_diff,FPR_diff,equalized_odds,Equal_Opportunity,experiment,fold,eval_type,stage,WEOp,expected_acc,WEQ
0,0.594,0.6942771084337349,0.5540865384615384,0.9294354838709677,0.07056451612903226,0.7361111111111112,0.22735227522366205,0.06808437660778596,0.04649650142899375,0.06808437660778599,0.06808437660778599,reweight,10,ground,proxy,0.027989224139457147,0.5973763574997065,0.027989224139457147
0,0.646,0.7117263843648208,0.5969945355191257,0.8810483870967742,0.11895161290322581,0.5853174603174603,0.15565039014449059,0.1115303264162808,0.0858381787720508,0.1115303264162808,0.1115303264162808,reduction,10,ground,proxy,0.07685312884571716,0.6416484375815271,0.07685312884571716
0,0.598,0.6661129568106312,0.5663841807909604,0.8084677419354839,0.19153225806451613,0.6091269841269841,0.1414020248342288,0.4696926389603461,0.38413324135212373,0.469692638960346,0.469692638960346,LR,10,ground,proxy,0.46202571829645833,0.5973957240775125,0.46202571829645833
