dataset,variable,TP,TN,FP,FN,accuracy
train_x,Df,7012,18793,425,144,0.9784257223022674
train_x,D,7156,19218,0,0,1.0
valid_x,Df,768,2116,34,13,0.9839645172296144
valid_x,D,781,2150,0,0,1.0
test_x,Df,862,2334,43,17,0.9815724815724816
test_x,D,879,2377,0,0,1.0
