dataset,variable,TP,TN,FP,FN,accuracy
train_x,Df,3997,16001,1757,4619,0.7582467581709259
train_x,D,3997,16001,1757,4619,0.7582467581709259
valid_x,Df,440,1794,181,516,0.7621972023200273
valid_x,D,440,1794,181,516,0.7621972023200273
test_x,Df,500,1960,220,576,0.7555282555282555
test_x,D,500,1960,220,576,0.7555282555282555
