dataset,variable,TP,TN,FP,FN,accuracy
train_x,Df,2985,18299,1508,3582,0.8070069007355729
train_x,D,2985,18299,1508,3582,0.8070069007355729
valid_x,Df,338,2027,176,390,0.806891845786421
valid_x,D,338,2027,176,390,0.806891845786421
test_x,Df,369,2266,191,430,0.8092751842751843
test_x,D,369,2266,191,430,0.8092751842751843
