dataset,variable,TP,TN,FP,FN,accuracy
train_x,Df,34116,938,3632,869,0.8862090759701681
train_x,D,34116,938,3632,869,0.8862090759701681
valid_x,Df,3790,109,406,90,0.8871444823663254
valid_x,D,3790,109,406,90,0.8871444823663254
test_x,Df,4214,131,435,104,0.8896396396396397
test_x,D,4214,131,435,104,0.8896396396396397
