dataset,variable,TP,TN,FP,FN,accuracy
train_x,Df,3836,3430,615,219,0.8970370370370371
train_x,D,3514,2759,1286,541,0.7744444444444445
valid_x,Df,421,382,60,37,0.8922222222222222
valid_x,D,402,311,131,56,0.7922222222222223
test_x,Df,482,430,60,28,0.912
test_x,D,449,346,144,61,0.795
