dataset,variable,TP,TN,FP,FN,accuracy
train_x,Df,3631,3301,880,288,0.8558024691358025
train_x,D,3631,3301,880,288,0.8558024691358025
valid_x,Df,406,347,111,36,0.8366666666666667
valid_x,D,406,347,111,36,0.8366666666666667
test_x,Df,460,398,114,28,0.858
test_x,D,460,398,114,28,0.858
