dataset,variable,TP,TN,FP,FN,accuracy
train_x,Df,3650,2480,861,1109,0.7567901234567901
train_x,D,3650,2480,861,1109,0.7567901234567901
valid_x,Df,396,250,121,133,0.7177777777777777
valid_x,D,396,250,121,133,0.7177777777777777
test_x,Df,460,299,114,127,0.759
test_x,D,460,299,114,127,0.759
