dataset,variable,TP,TN,FP,FN,accuracy
train_x,Df,33546,4771,1239,0,0.9686773182323795
train_x,D,33546,6010,0,0,1.0
valid_x,Df,3733,540,122,0,0.9722411831626848
valid_x,D,3733,662,0,0,1.0
test_x,Df,4143,596,144,0,0.9705099324185952
test_x,D,4143,740,0,0,1.0
