dataset,variable,TP,TN,FP,FN,accuracy
train_x,Df,6214,19400,418,342,0.9711837415636612
train_x,D,6556,19818,0,0,1.0
valid_x,Df,683,2160,55,33,0.9699761173660867
valid_x,D,716,2215,0,0,1.0
test_x,Df,782,2368,66,40,0.9674447174447175
test_x,D,822,2434,0,0,1.0
