dataset,variable,TP,TN,FP,FN,accuracy
train_x,Df,3760,3723,270,347,0.9238271604938272
train_x,D,3760,3723,270,347,0.9238271604938272
valid_x,Df,417,423,27,33,0.9333333333333333
valid_x,D,417,423,27,33,0.9333333333333333
test_x,Df,457,462,30,51,0.919
test_x,D,457,462,30,51,0.919
