dataset,variable,TP,TN,FP,FN,accuracy
train_x,Df,3514,3658,516,412,0.885432098765432
train_x,D,3514,3658,516,412,0.885432098765432
valid_x,Df,393,419,51,37,0.9022222222222223
valid_x,D,393,419,51,37,0.9022222222222223
test_x,Df,435,455,52,58,0.89
test_x,D,435,455,52,58,0.89
