dataset,variable,TP,TN,FP,FN,accuracy
train_x,Df,3887,3604,404,205,0.9248148148148149
train_x,D,3887,3604,404,205,0.9248148148148149
valid_x,Df,438,384,47,31,0.9133333333333333
valid_x,D,438,384,47,31,0.9133333333333333
test_x,Df,473,440,56,31,0.913
test_x,D,473,440,56,31,0.913
