dataset,variable,TP,TN,FP,FN,accuracy
train_x,Df,3947,3309,344,500,0.8958024691358024
train_x,D,3947,3309,344,500,0.8958024691358024
valid_x,Df,443,350,42,65,0.8811111111111111
valid_x,D,443,350,42,65,0.8811111111111111
test_x,Df,479,405,50,66,0.884
test_x,D,479,405,50,66,0.884
