dataset,variable,TP,TN,FP,FN,accuracy
train_x,Df,7118,18817,396,43,0.9833548191400622
train_x,D,7161,19213,0,0,1.0
valid_x,Df,775,2111,42,3,0.984646878198567
valid_x,D,778,2153,0,0,1.0
test_x,Df,872,2339,40,5,0.9861793611793612
test_x,D,877,2379,0,0,1.0
