dataset,variable,TP,TN,FP,FN,accuracy
train_x,Df,4152,3633,1,314,0.9611111111111111
train_x,D,4466,3634,0,0,1.0
valid_x,Df,447,407,0,46,0.9488888888888889
valid_x,D,493,407,0,0,1.0
test_x,Df,505,459,0,36,0.964
test_x,D,541,459,0,0,1.0
