dataset,variable,TP,TN,FP,FN,accuracy
train_x,Df,4091,3917,62,30,0.988641975308642
train_x,D,4121,3634,345,0,0.9574074074074074
valid_x,Df,442,451,5,2,0.9922222222222222
valid_x,D,444,407,49,0,0.9455555555555556
test_x,Df,499,494,6,1,0.993
test_x,D,500,459,41,0,0.959
