dataset,variable,TP,TN,FP,FN,accuracy
train_x,Df,34068,1015,3559,914,0.8869198098897765
train_x,D,34068,1015,3559,914,0.8869198098897765
valid_x,Df,3758,104,403,130,0.8787258248009101
valid_x,D,3758,104,403,130,0.8787258248009101
test_x,Df,4214,111,459,99,0.8857259881220562
test_x,D,4214,111,459,99,0.8857259881220562
