dataset,variable,TP,TN,FP,FN,accuracy
train_x,Df,3918,16082,1681,4693,0.7583225904299689
train_x,D,3918,16082,1681,4693,0.7583225904299689
valid_x,Df,465,1783,185,498,0.7669737291026953
valid_x,D,465,1783,185,498,0.7669737291026953
test_x,Df,485,1975,207,589,0.7555282555282555
test_x,D,485,1975,207,589,0.7555282555282555
