dataset,variable,TP,TN,FP,FN,accuracy
train_x,Df,3680,3254,888,278,0.8560493827160494
train_x,D,3680,3254,888,278,0.8560493827160494
valid_x,Df,394,363,104,39,0.8411111111111111
valid_x,D,394,363,104,39,0.8411111111111111
test_x,Df,410,417,125,48,0.827
test_x,D,410,417,125,48,0.827
