dataset,variable,TP,TN,FP,FN,accuracy
train_x,Df,3928,16067,1665,4714,0.7581330097823614
train_x,D,3928,16067,1665,4714,0.7581330097823614
valid_x,Df,437,1776,199,519,0.7550324121460252
valid_x,D,437,1776,199,519,0.7550324121460252
test_x,Df,490,2001,205,560,0.76504914004914
test_x,D,490,2001,205,560,0.76504914004914
