dataset,variable,TP,TN,FP,FN,accuracy
train_x,Df,68001,83339,5550,1599,0.9548927685833086
train_x,D,69600,88889,0,0,1.0
valid_x,Df,7540,9293,612,165,0.9558773424190801
valid_x,D,7705,9905,0,0,1.0
test_x,Df,8398,10265,701,202,0.9538485127261577
test_x,D,8600,10966,0,0,1.0
