dataset,variable,TP,TN,FP,FN,accuracy
train_x,Df,3393,17831,1382,3768,0.804731932964283
train_x,D,3393,17831,1382,3768,0.804731932964283
valid_x,Df,388,1989,160,394,0.8109860116001365
valid_x,D,388,1989,160,394,0.8109860116001365
test_x,Df,412,2221,162,461,0.8086609336609336
test_x,D,412,2221,162,461,0.8086609336609336
