dataset,variable,TP,TN,FP,FN,accuracy
train_x,Df,38534,76884,14355,28716,0.7282398147505506
train_x,D,38534,76884,14355,28716,0.7282398147505506
valid_x,Df,4282,8550,1579,3199,0.7286768881317434
valid_x,D,4282,8550,1579,3199,0.7286768881317434
test_x,Df,4811,9497,1802,3456,0.7312685270366963
test_x,D,4811,9497,1802,3456,0.7312685270366963
