dataset,variable,TP,TN,FP,FN,accuracy
train_x,Df,7020,17514,246,1594,0.9302343216804428
train_x,D,8614,17760,0,0,1.0
valid_x,Df,788,1924,18,201,0.925281473899693
valid_x,D,989,1942,0,0,1.0
test_x,Df,859,2181,30,186,0.9336609336609336
test_x,D,1045,2211,0,0,1.0
