dataset,variable,TP,TN,FP,FN,accuracy
train_x,Df,3898,3147,722,333,0.8697530864197531
train_x,D,3898,3147,722,333,0.8697530864197531
valid_x,Df,423,360,84,33,0.87
valid_x,D,423,360,84,33,0.87
test_x,Df,491,363,102,44,0.854
test_x,D,491,363,102,44,0.854
