dataset,variable,TP,TN,FP,FN,accuracy
train_x,Df,3915,3704,277,204,0.9406172839506173
train_x,D,3575,2798,1183,544,0.7867901234567901
valid_x,Df,423,436,25,16,0.9544444444444444
valid_x,D,390,322,139,49,0.7911111111111111
test_x,Df,478,458,35,29,0.936
test_x,D,431,336,157,76,0.767
