dataset,variable,TP,TN,FP,FN,accuracy
train_x,Df,39482,79887,13530,25589,0.7531737418605825
train_x,D,39482,79887,13530,25589,0.7531737418605825
valid_x,Df,4455,8865,1515,2775,0.7563884156729132
valid_x,D,4455,8865,1515,2775,0.7563884156729132
test_x,Df,4836,9816,1717,3198,0.7488117749271733
test_x,D,4836,9816,1717,3198,0.7488117749271733
