,accuracy,f1_score,precision,recall,FNR,FPR,cross_entropy,FNR_diff,FPR_diff,equalized_odds,Equal_Opportunity,experiment,fold,eval_type,stage,WEOp,expected_acc,WEQ
0,0.789,0.7795193312434693,0.7819706498951782,0.7770833333333333,0.22291666666666668,0.2,-0.02980532876407765,0.06090845798434566,0.044661733615221993,0.06090845798434563,0.06090845798434563,reweight,2,ground,ground,0.12194083918739451,0.7977222026448151,0.12194083918739451
0,0.79,0.7803347280334727,0.7836134453781513,0.7770833333333333,0.22291666666666668,0.19807692307692307,-0.02998236696437445,0.05078166206038101,0.06752114164904863,0.06752114164904863,0.05078166206038104,reduction,2,ground,ground,0.11244801782774949,0.7972367017186632,0.11244801782774949
0,0.802,0.79375,0.79375,0.79375,0.20625,0.19038461538461537,-0.02772588722239781,0.17551003185721217,0.04717230443974629,0.17551003185721226,0.17551003185721226,LR,2,ground,ground,0.22923196509148136,0.8106933797258105,0.22923196509148136
