dataset,variable,TP,TN,FP,FN,accuracy
train_x,Df,6337,19396,627,14,0.9756957609767195
train_x,D,6351,20023,0,0,1.0
valid_x,Df,705,2164,61,1,0.9788468099624702
valid_x,D,706,2225,0,0,1.0
test_x,Df,781,2385,87,3,0.9723587223587223
test_x,D,784,2472,0,0,1.0
