dataset,variable,TP,TN,FP,FN,accuracy
train_x,Df,62078,77607,10177,8627,0.8813545419555932
train_x,D,70705,87784,0,0,1.0
valid_x,Df,6893,8588,1138,991,0.8791027825099376
valid_x,D,7884,9726,0,0,1.0
test_x,Df,7632,9581,1307,1046,0.8797403659409179
test_x,D,8678,10888,0,0,1.0
