dataset,variable,TP,TN,FP,FN,accuracy
train_x,Df,38021,69461,17323,33683,0.6781712180101963
train_x,D,38021,69461,17323,33683,0.6781712180101963
valid_x,Df,4306,7682,1952,3670,0.6807495741056218
valid_x,D,4306,7682,1952,3670,0.6807495741056218
test_x,Df,4702,8553,2189,4123,0.677416057648081
test_x,D,4702,8553,2189,4123,0.677416057648081
