dataset,variable,TP,TN,FP,FN,accuracy
train_x,Df,3806,3460,564,270,0.8970370370370371
train_x,D,3551,2775,1249,525,0.7809876543209876
valid_x,Df,406,398,58,38,0.8933333333333333
valid_x,D,383,306,150,61,0.7655555555555555
test_x,Df,471,434,63,32,0.905
test_x,D,431,335,162,72,0.766
