dataset,variable,TP,TN,FP,FN,accuracy
train_x,Df,3932,2862,438,868,0.8387654320987654
train_x,D,4800,3300,0,0,1.0
valid_x,Df,412,315,52,121,0.8077777777777778
valid_x,D,533,367,0,0,1.0
test_x,Df,472,345,62,121,0.817
test_x,D,593,407,0,0,1.0
