dataset,variable,TP,TN,FP,FN,accuracy
train_x,Df,35704,3826,6,19,0.9993679686512451
train_x,D,35723,3832,0,0,1.0
valid_x,Df,3968,427,0,0,1.0
valid_x,D,3968,427,0,0,1.0
test_x,Df,4401,478,1,4,0.9989762489762489
test_x,D,4405,479,0,0,1.0
