dataset,variable,TP,TN,FP,FN,accuracy
train_x,Df,7657,17582,181,954,0.9569651929930992
train_x,D,8611,17763,0,0,1.0
valid_x,Df,853,1951,22,105,0.9566700784715114
valid_x,D,958,1973,0,0,1.0
test_x,Df,954,2158,19,125,0.9557739557739557
test_x,D,1079,2177,0,0,1.0
