dataset,variable,TP,TN,FP,FN,accuracy
train_x,Df,3697,3565,427,411,0.8965432098765432
train_x,D,3697,3565,427,411,0.8965432098765432
valid_x,Df,410,397,57,36,0.8966666666666666
valid_x,D,410,397,57,36,0.8966666666666666
test_x,Df,464,435,54,47,0.899
test_x,D,464,435,54,47,0.899
