dataset,variable,TP,TN,FP,FN,accuracy
train_x,Df,3103,2975,1021,1001,0.7503703703703704
train_x,D,3103,2975,1021,1001,0.7503703703703704
valid_x,Df,337,323,130,110,0.7333333333333333
valid_x,D,337,323,130,110,0.7333333333333333
test_x,Df,378,354,140,128,0.732
test_x,D,378,354,140,128,0.732
