dataset,variable,TP,TN,FP,FN,accuracy
train_x,Df,4073,3951,41,35,0.9906172839506173
train_x,D,4108,3649,343,0,0.9576543209876544
valid_x,Df,443,448,6,3,0.99
valid_x,D,446,415,39,0,0.9566666666666667
test_x,Df,505,476,13,6,0.981
test_x,D,511,436,53,0,0.947
