dataset,variable,TP,TN,FP,FN,accuracy
train_x,Df,62153,77644,10222,8470,0.8820612156048685
train_x,D,70623,87866,0,0,1.0
valid_x,Df,6876,8642,1123,969,0.8812038614423623
valid_x,D,7845,9765,0,0,1.0
test_x,Df,7736,9490,1277,1063,0.8804047838086476
test_x,D,8799,10767,0,0,1.0
