dataset,variable,TP,TN,FP,FN,accuracy
train_x,Df,3633,3181,987,299,0.8412345679012345
train_x,D,3633,3181,987,299,0.8412345679012345
valid_x,Df,389,358,118,35,0.83
valid_x,D,389,358,118,35,0.83
test_x,Df,456,370,137,37,0.826
test_x,D,456,370,137,37,0.826
