dataset,variable,TP,TN,FP,FN,accuracy
train_x,Df,3737,2459,883,1021,0.7649382716049383
train_x,D,3737,2459,883,1021,0.7649382716049383
valid_x,Df,399,263,108,130,0.7355555555555555
valid_x,D,399,263,108,130,0.7355555555555555
test_x,Df,463,282,130,125,0.745
test_x,D,463,282,130,125,0.745
