dataset,variable,TP,TN,FP,FN,accuracy
train_x,Df,3829,3447,641,183,0.8982716049382716
train_x,D,3829,3447,641,183,0.8982716049382716
valid_x,Df,435,372,71,22,0.8966666666666666
valid_x,D,435,372,71,22,0.8966666666666666
test_x,Df,471,424,85,20,0.895
test_x,D,471,424,85,20,0.895
