dataset,variable,TP,TN,FP,FN,accuracy
train_x,Df,3624,2453,846,1177,0.7502469135802469
train_x,D,3624,2453,846,1177,0.7502469135802469
valid_x,Df,395,255,111,139,0.7222222222222222
valid_x,D,395,255,111,139,0.7222222222222222
test_x,Df,444,295,112,149,0.739
test_x,D,444,295,112,149,0.739
