dataset,variable,TP,TN,FP,FN,accuracy
train_x,Df,38147,69397,17375,33570,0.6785581333720321
train_x,D,38147,69397,17375,33570,0.6785581333720321
valid_x,Df,4146,7749,1923,3792,0.6754684838160137
valid_x,D,4146,7749,1923,3792,0.6754684838160137
test_x,Df,4789,8496,2220,4061,0.6789839517530409
test_x,D,4789,8496,2220,4061,0.6789839517530409
