dataset,variable,TP,TN,FP,FN,accuracy
train_x,Df,3850,3651,237,362,0.9260493827160494
train_x,D,3566,2695,1193,646,0.772962962962963
valid_x,Df,448,396,18,38,0.9377777777777778
valid_x,D,398,283,131,88,0.7566666666666667
test_x,Df,473,447,29,51,0.92
test_x,D,445,334,142,79,0.779
