dataset,variable,TP,TN,FP,FN,accuracy
train_x,Df,3625,3616,558,301,0.8939506172839506
train_x,D,3320,2735,1439,606,0.7475308641975309
valid_x,Df,400,421,49,30,0.9122222222222223
valid_x,D,367,308,162,63,0.75
test_x,Df,455,449,58,38,0.904
test_x,D,406,326,181,87,0.732
