dataset,variable,TP,TN,FP,FN,accuracy
train_x,Df,30116,3708,2252,3480,0.8550915158256649
train_x,D,30116,3708,2252,3480,0.8550915158256649
valid_x,Df,3335,430,264,366,0.856655290102389
valid_x,D,3335,430,264,366,0.856655290102389
test_x,Df,3689,474,284,436,0.8525496620929757
test_x,D,3689,474,284,436,0.8525496620929757
