dataset,variable,TP,TN,FP,FN,accuracy
train_x,Df,39731,67851,19958,30948,0.6788021806067336
train_x,D,39731,67851,19958,30948,0.6788021806067336
valid_x,Df,4467,7542,2243,3358,0.6819420783645656
valid_x,D,4467,7542,2243,3358,0.6819420783645656
test_x,Df,4921,8290,2514,3842,0.6751673736392907
test_x,D,4921,8290,2514,3842,0.6751673736392907
