dataset,variable,TP,TN,FP,FN,accuracy
train_x,Df,39467,80025,13392,25605,0.7539450687429412
train_x,D,39467,80025,13392,25605,0.7539450687429412
valid_x,Df,4328,8911,1469,2902,0.7517887563884157
valid_x,D,4328,8911,1469,2902,0.7517887563884157
test_x,Df,4820,9913,1620,3213,0.7529898804047838
test_x,D,4820,9913,1620,3213,0.7529898804047838
