dataset,variable,TP,TN,FP,FN,accuracy
train_x,Df,3536,3482,549,533,0.8664197530864197
train_x,D,3536,3482,549,533,0.8664197530864197
valid_x,Df,400,376,60,64,0.8622222222222222
valid_x,D,400,376,60,64,0.8622222222222222
test_x,Df,426,422,75,77,0.848
test_x,D,426,422,75,77,0.848
