dataset,variable,TP,TN,FP,FN,accuracy
train_x,Df,3792,3715,293,300,0.9267901234567901
train_x,D,3792,3715,293,300,0.9267901234567901
valid_x,Df,424,395,36,45,0.91
valid_x,D,424,395,36,45,0.91
test_x,Df,460,455,41,44,0.915
test_x,D,460,455,41,44,0.915
