dataset,variable,TP,TN,FP,FN,accuracy
train_x,Df,3645,3271,915,269,0.8538271604938271
train_x,D,3645,3271,915,269,0.8538271604938271
valid_x,Df,402,363,96,39,0.85
valid_x,D,402,363,96,39,0.85
test_x,Df,465,404,102,29,0.869
test_x,D,465,404,102,29,0.869
