dataset,variable,TP,TN,FP,FN,accuracy
train_x,Df,3222,2714,1289,875,0.7328395061728395
train_x,D,3222,2714,1289,875,0.7328395061728395
valid_x,Df,369,290,148,93,0.7322222222222222
valid_x,D,369,290,148,93,0.7322222222222222
test_x,Df,411,339,163,87,0.75
test_x,D,411,339,163,87,0.75
