dataset,variable,TP,TN,FP,FN,accuracy
train_x,Df,6330,19337,686,20,0.9732301975505252
train_x,D,6350,20023,0,0,1.0
valid_x,Df,702,2150,75,4,0.9730467417263733
valid_x,D,706,2225,0,0,1.0
test_x,Df,781,2384,88,4,0.9717531470678539
test_x,D,785,2472,0,0,1.0
