dataset,variable,TP,TN,FP,FN,accuracy
train_x,Df,6558,19669,145,2,0.9944263289603398
train_x,D,6560,19814,0,0,1.0
valid_x,Df,731,2191,9,0,0.9969293756397134
valid_x,D,731,2200,0,0,1.0
test_x,Df,803,2432,21,0,0.9935503685503686
test_x,D,803,2453,0,0,1.0
