dataset,variable,TP,TN,FP,FN,accuracy
train_x,Df,38962,70090,17688,31748,0.6880773307758317
train_x,D,38962,70090,17688,31748,0.6880773307758317
valid_x,Df,4245,7782,1963,3620,0.6829642248722317
valid_x,D,4245,7782,1963,3620,0.6829642248722317
test_x,Df,4689,8647,2228,4003,0.681555680482445
test_x,D,4689,8647,2228,4003,0.681555680482445
