,accuracy,f1_score,precision,recall,FNR,FPR,cross_entropy,FNR_diff,FPR_diff,equalized_odds,Equal_Opportunity,experiment,fold,eval_type,stage,WEOp,expected_acc,WEQ
0,0.817,0.8168168168168168,0.8127490039840638,0.8209255533199196,0.1790744466800805,0.18687872763419483,-0.0006931471805599472,0.009944356718550262,0.013262360158787428,0.013262360158787428,0.009944356718550318,reweight,6,ground,ground,0.014649883401141373,0.8151985655510962,0.023307332216848137
0,0.814,0.814,0.8091451292246521,0.8189134808853119,0.18108651911468812,0.1908548707753479,0.0001733677173622965,0.02101661779081135,0.028220858895705525,0.028220858895705525,0.02101661779081143,reduction,6,ground,ground,-0.012273275378687942,0.8115540397464811,0.03414780742276269
0,0.823,0.8221105527638191,0.821285140562249,0.8229376257545271,0.17706237424547283,0.17693836978131214,-0.0034657359027997253,0.12499060079705243,0.09220498015156983,0.12499060079705238,0.12499060079705238,LR,6,ground,ground,0.13678608226296052,0.821534851945662,0.13678608226296052
