dataset,variable,TP,TN,FP,FN,accuracy
train_x,Df,3434,17837,1376,3727,0.8065139910517934
train_x,D,3434,17837,1376,3727,0.8065139910517934
valid_x,Df,396,1980,173,382,0.8106448311156602
valid_x,D,396,1980,173,382,0.8106448311156602
test_x,Df,423,2199,180,454,0.8052825552825553
test_x,D,423,2199,180,454,0.8052825552825553
