dataset,variable,TP,TN,FP,FN,accuracy
train_x,Df,6928,18738,491,217,0.9731553802987791
train_x,D,7145,19229,0,0,1.0
valid_x,Df,769,2095,47,20,0.9771409075400888
valid_x,D,789,2142,0,0,1.0
test_x,Df,859,2305,69,23,0.9717444717444718
test_x,D,882,2374,0,0,1.0
