dataset,variable,TP,TN,FP,FN,accuracy
train_x,Df,5166,18700,610,1898,0.9049063471600819
train_x,D,7064,19310,0,0,1.0
valid_x,Df,582,2079,57,213,0.9078812691914022
valid_x,D,795,2136,0,0,1.0
test_x,Df,626,2326,62,242,0.9066339066339066
test_x,D,868,2388,0,0,1.0
