dataset,variable,TP,TN,FP,FN,accuracy
train_x,Df,3271,18619,1404,3079,0.8300155462025557
train_x,D,3271,18619,1404,3079,0.8300155462025557
valid_x,Df,362,2086,139,344,0.8352098259979529
valid_x,D,362,2086,139,344,0.8352098259979529
test_x,Df,431,2290,182,354,0.8354313785692354
test_x,D,431,2290,182,354,0.8354313785692354
