dataset,variable,TP,TN,FP,FN,accuracy
train_x,Df,7807,17625,131,811,0.9642830059907485
train_x,D,8618,17756,0,0,1.0
valid_x,Df,877,1964,8,82,0.9692937563971341
valid_x,D,959,1972,0,0,1.0
test_x,Df,956,2169,16,115,0.9597665847665847
test_x,D,1071,2185,0,0,1.0
