dataset,variable,TP,TN,FP,FN,accuracy
train_x,Df,32363,3914,3279,0,0.9171048639902922
train_x,D,32363,7193,0,0,1.0
valid_x,Df,3556,453,386,0,0.9121729237770193
valid_x,D,3556,839,0,0,1.0
test_x,Df,3985,477,421,0,0.9137825107515871
test_x,D,3985,898,0,0,1.0
