dataset,variable,TP,TN,FP,FN,accuracy
train_x,Df,28021,3628,4458,3449,0.8001061785822631
train_x,D,28021,3628,4458,3449,0.8001061785822631
valid_x,Df,3094,400,508,393,0.7949943117178612
valid_x,D,3094,400,508,393,0.7949943117178612
test_x,Df,3474,440,556,413,0.8015564202334631
test_x,D,3474,440,556,413,0.8015564202334631
