dataset,variable,TP,TN,FP,FN,accuracy
train_x,Df,65058,88036,5381,13,0.9659658775427793
train_x,D,65071,93417,0,0,1.0
valid_x,Df,7226,9777,603,4,0.9655309483248155
valid_x,D,7230,10380,0,0,1.0
test_x,Df,8030,10854,679,4,0.9650942914090049
test_x,D,8034,11533,0,0,1.0
