dataset,variable,TP,TN,FP,FN,accuracy
train_x,Df,2979,18258,1576,3561,0.8052248426480625
train_x,D,2979,18258,1576,3561,0.8052248426480625
valid_x,Df,353,2015,174,389,0.8079153872398499
valid_x,D,353,2015,174,389,0.8079153872398499
test_x,Df,371,2245,199,441,0.8034398034398035
test_x,D,371,2245,199,441,0.8034398034398035
