dataset,variable,TP,TN,FP,FN,accuracy
train_x,Df,4113,3905,60,22,0.9898765432098765
train_x,D,4135,3603,362,0,0.9553086419753086
valid_x,Df,443,446,8,3,0.9877777777777778
valid_x,D,446,418,36,0,0.96
test_x,Df,476,508,8,8,0.984
test_x,D,484,479,37,0,0.963
