dataset,variable,TP,TN,FP,FN,accuracy
train_x,Df,33602,4467,1180,307,0.9624077257558904
train_x,D,33909,5647,0,0,1.0
valid_x,Df,3715,487,136,57,0.9560864618885097
valid_x,D,3772,623,0,0,1.0
test_x,Df,4168,541,143,31,0.9643661683391358
test_x,D,4199,684,0,0,1.0
