dataset,variable,TP,TN,FP,FN,accuracy
train_x,Df,33441,1335,3598,1182,0.8791586611386389
train_x,D,33441,1335,3598,1182,0.8791586611386389
valid_x,Df,3689,157,391,158,0.875085324232082
valid_x,D,3689,157,391,158,0.875085324232082
test_x,Df,4121,177,432,153,0.8801966004505427
test_x,D,4121,177,432,153,0.8801966004505427
