dataset,variable,TP,TN,FP,FN,accuracy
train_x,Df,4087,3925,56,32,0.9891358024691358
train_x,D,4119,3630,351,0,0.9566666666666667
valid_x,Df,435,458,3,4,0.9922222222222222
valid_x,D,439,421,40,0,0.9555555555555556
test_x,Df,500,487,6,7,0.987
test_x,D,507,449,44,0,0.956
