dataset,variable,TP,TN,FP,FN,accuracy
train_x,Df,4143,3630,0,327,0.9596296296296296
train_x,D,4470,3630,0,0,1.0
valid_x,Df,438,421,0,41,0.9544444444444444
valid_x,D,479,421,0,0,1.0
test_x,Df,506,449,0,45,0.955
test_x,D,551,449,0,0,1.0
