dataset,variable,TP,TN,FP,FN,accuracy
train_x,Df,3875,3815,213,197,0.9493827160493827
train_x,D,3209,3176,852,863,0.7882716049382716
valid_x,Df,444,410,25,21,0.9488888888888889
valid_x,D,372,348,87,93,0.8
test_x,Df,510,452,20,18,0.962
test_x,D,445,380,92,83,0.825
