dataset,variable,TP,TN,FP,FN,accuracy
train_x,Df,3233,3184,855,828,0.7922222222222223
train_x,D,4061,4039,0,0,1.0
valid_x,Df,370,342,99,89,0.7911111111111111
valid_x,D,459,441,0,0,1.0
test_x,Df,446,379,84,91,0.825
test_x,D,537,463,0,0,1.0
