dataset,variable,TP,TN,FP,FN,accuracy
train_x,Df,65396,84325,7133,1635,0.9446775485995873
train_x,D,67031,91458,0,0,1.0
valid_x,Df,7249,9378,795,188,0.9441794434980125
valid_x,D,7437,10173,0,0,1.0
test_x,Df,8083,10393,872,218,0.9442911172441991
test_x,D,8301,11265,0,0,1.0
