dataset,variable,TP,TN,FP,FN,accuracy
train_x,Df,3353,17932,1300,3789,0.8070448168650944
train_x,D,3353,17932,1300,3789,0.8070448168650944
valid_x,Df,363,1949,184,435,0.7888092801091777
valid_x,D,363,1949,184,435,0.7888092801091777
test_x,Df,373,2198,182,503,0.7896191646191646
test_x,D,373,2198,182,503,0.7896191646191646
