dataset,variable,TP,TN,FP,FN,accuracy
train_x,Df,3908,3790,202,200,0.9503703703703704
train_x,D,3274,3162,830,834,0.7945679012345679
valid_x,Df,423,433,21,23,0.9511111111111111
valid_x,D,352,359,95,94,0.79
test_x,Df,491,469,20,20,0.96
test_x,D,400,383,106,111,0.783
