dataset,variable,TP,TN,FP,FN,accuracy
train_x,Df,3279,3165,831,825,0.7955555555555556
train_x,D,4104,3996,0,0,1.0
valid_x,Df,350,359,94,97,0.7877777777777778
valid_x,D,447,453,0,0,1.0
test_x,Df,406,389,105,100,0.795
test_x,D,506,494,0,0,1.0
