dataset,variable,TP,TN,FP,FN,accuracy
train_x,Df,38498,77022,14278,28691,0.7288833925382834
train_x,D,38498,77022,14278,28691,0.7288833925382834
valid_x,Df,4291,8541,1585,3193,0.7286768881317434
valid_x,D,4291,8541,1585,3193,0.7286768881317434
test_x,Df,4732,9527,1714,3593,0.7287641827660227
test_x,D,4732,9527,1714,3593,0.7287641827660227
