dataset,variable,TP,TN,FP,FN,accuracy
train_x,Df,28239,2415,4817,4084,0.774971558589306
train_x,D,28239,2415,4817,4084,0.774971558589306
valid_x,Df,3096,258,543,498,0.7631399317406143
valid_x,D,3096,258,543,498,0.7631399317406143
test_x,Df,3482,309,588,505,0.7762080262080262
test_x,D,3482,309,588,505,0.7762080262080262
