dataset,variable,TP,TN,FP,FN,accuracy
train_x,Df,3665,3255,919,261,0.854320987654321
train_x,D,3665,3255,919,261,0.854320987654321
valid_x,Df,408,370,100,22,0.8644444444444445
valid_x,D,408,370,100,22,0.8644444444444445
test_x,Df,459,402,105,34,0.861
test_x,D,459,402,105,34,0.861
