dataset,variable,TP,TN,FP,FN,accuracy
train_x,Df,32404,3929,3222,1,0.9185205784204672
train_x,D,32405,7151,0,0,1.0
valid_x,Df,3550,434,411,0,0.9064846416382253
valid_x,D,3550,845,0,0,1.0
test_x,Df,3949,483,451,0,0.9076387466721277
test_x,D,3949,934,0,0,1.0
