dataset,variable,TP,TN,FP,FN,accuracy
train_x,Df,3670,3623,538,269,0.9003703703703704
train_x,D,3330,2733,1428,609,0.7485185185185185
valid_x,Df,393,400,68,39,0.8811111111111111
valid_x,D,365,304,164,67,0.7433333333333333
test_x,Df,440,446,76,38,0.886
test_x,D,398,332,190,80,0.73
