dataset,variable,TP,TN,FP,FN,accuracy
train_x,Df,3669,3064,951,416,0.8312345679012346
train_x,D,3669,3064,951,416,0.8312345679012346
valid_x,Df,400,347,107,46,0.83
valid_x,D,400,347,107,46,0.83
test_x,Df,453,355,140,52,0.808
test_x,D,453,355,140,52,0.808
