dataset,variable,TP,TN,FP,FN,accuracy
train_x,Df,3588,3682,499,331,0.8975308641975308
train_x,D,3314,2736,1445,605,0.7469135802469136
valid_x,Df,410,402,56,32,0.9022222222222223
valid_x,D,365,294,164,77,0.7322222222222222
test_x,Df,444,454,58,44,0.898
test_x,D,414,339,173,74,0.753
