dataset,variable,TP,TN,FP,FN,accuracy
train_x,Df,7073,18804,409,88,0.9811556836278152
train_x,D,7161,19213,0,0,1.0
valid_x,Df,772,2097,52,10,0.9788468099624702
valid_x,D,782,2149,0,0,1.0
test_x,Df,869,2319,64,4,0.9791154791154791
test_x,D,873,2383,0,0,1.0
