dataset,variable,TP,TN,FP,FN,accuracy
train_x,Df,3872,3681,311,236,0.9324691358024692
train_x,D,3872,3681,311,236,0.9324691358024692
valid_x,Df,419,418,36,27,0.93
valid_x,D,419,418,36,27,0.93
test_x,Df,485,447,42,26,0.932
test_x,D,485,447,42,26,0.932
