dataset,variable,TP,TN,FP,FN,accuracy
train_x,Df,3880,3566,303,351,0.9192592592592592
train_x,D,3880,3566,303,351,0.9192592592592592
valid_x,Df,421,410,34,35,0.9233333333333333
valid_x,D,421,410,34,35,0.9233333333333333
test_x,Df,488,426,39,47,0.914
test_x,D,488,426,39,47,0.914
