dataset,variable,TP,TN,FP,FN,accuracy
train_x,Df,71683,86794,0,12,0.999924284966149
train_x,D,71695,86794,0,0,1.0
valid_x,Df,7975,9635,0,0,1.0
valid_x,D,7975,9635,0,0,1.0
test_x,Df,8834,10731,0,1,0.9999488909332516
test_x,D,8835,10731,0,0,1.0
