dataset,variable,TP,TN,FP,FN,accuracy
train_x,Df,68214,83520,5381,1373,0.9573847862298723
train_x,D,69587,88901,0,0,1.0
valid_x,Df,7575,9271,603,161,0.9566155593412834
valid_x,D,7736,9874,0,0,1.0
test_x,Df,8400,10306,679,182,0.9559973424643532
test_x,D,8582,10985,0,0,1.0
