dataset,variable,TP,TN,FP,FN,accuracy
train_x,Df,2939,18280,1529,3625,0.8045728586053918
train_x,D,2939,18280,1529,3625,0.8045728586053918
valid_x,Df,324,2050,152,405,0.8099624701467076
valid_x,D,324,2050,152,405,0.8099624701467076
test_x,Df,390,2259,197,411,0.8133251458397298
test_x,D,390,2259,197,411,0.8133251458397298
