dataset,variable,TP,TN,FP,FN,accuracy
train_x,Df,39616,76064,15202,27606,0.7298975316743224
train_x,D,39616,76064,15202,27606,0.7298975316743224
valid_x,Df,4374,8382,1702,3152,0.7243611584327087
valid_x,D,4374,8382,1702,3152,0.7243611584327087
test_x,Df,4845,9390,1927,3405,0.7275003832984106
test_x,D,4845,9390,1927,3405,0.7275003832984106
