dataset,variable,TP,TN,FP,FN,accuracy
train_x,Df,42122,74002,14897,27467,0.7326990056029479
train_x,D,42122,74002,14897,27467,0.7326990056029479
valid_x,Df,4761,8205,1672,2972,0.7362862010221465
valid_x,D,4761,8205,1672,2972,0.7362862010221465
test_x,Df,5173,9110,1874,3410,0.7299534931261819
test_x,D,5173,9110,1874,3410,0.7299534931261819
