dataset,variable,TP,TN,FP,FN,accuracy
train_x,Df,3776,3740,288,296,0.9279012345679012
train_x,D,3776,3740,288,296,0.9279012345679012
valid_x,Df,435,401,34,30,0.9288888888888889
valid_x,D,435,401,34,30,0.9288888888888889
test_x,Df,487,437,35,41,0.924
test_x,D,487,437,35,41,0.924
