dataset,variable,TP,TN,FP,FN,accuracy
train_x,Df,3506,3495,558,541,0.864320987654321
train_x,D,3506,3495,558,541,0.864320987654321
valid_x,Df,405,374,64,57,0.8655555555555555
valid_x,D,405,374,64,57,0.8655555555555555
test_x,Df,471,422,51,56,0.893
test_x,D,471,422,51,56,0.893
