dataset,variable,TP,TN,FP,FN,accuracy
train_x,Df,28025,3614,4488,3428,0.799873593730249
train_x,D,28025,3614,4488,3428,0.799873593730249
valid_x,Df,3101,415,485,394,0.8
valid_x,D,3101,415,485,394,0.8
test_x,Df,3462,447,541,434,0.8003685503685504
test_x,D,3462,447,541,434,0.8003685503685504
