dataset,variable,TP,TN,FP,FN,accuracy
train_x,Df,3606,2471,871,1152,0.7502469135802469
train_x,D,3606,2471,871,1152,0.7502469135802469
valid_x,Df,400,265,106,129,0.7388888888888889
valid_x,D,400,265,106,129,0.7388888888888889
test_x,Df,440,298,114,148,0.738
test_x,D,440,298,114,148,0.738
