dataset,variable,TP,TN,FP,FN,accuracy
train_x,Df,3655,3199,822,424,0.8461728395061728
train_x,D,3655,3199,822,424,0.8461728395061728
valid_x,Df,407,341,99,53,0.8311111111111111
valid_x,D,407,341,99,53,0.8311111111111111
test_x,Df,439,388,115,58,0.827
test_x,D,439,388,115,58,0.827
