dataset,variable,TP,TN,FP,FN,accuracy
train_x,Df,33799,4926,7,823,0.9790165592213373
train_x,D,34622,4933,0,0,1.0
valid_x,Df,3757,547,1,90,0.9792946530147896
valid_x,D,3847,548,0,0,1.0
test_x,Df,4164,608,1,111,0.9770679770679771
test_x,D,4275,609,0,0,1.0
