dataset,variable,TP,TN,FP,FN,accuracy
train_x,Df,3097,3451,1039,513,0.808395061728395
train_x,D,2845,2576,1914,765,0.6692592592592592
valid_x,Df,349,384,107,60,0.8144444444444444
valid_x,D,322,284,207,87,0.6733333333333333
test_x,Df,387,418,130,65,0.805
test_x,D,348,309,239,104,0.657
