dataset,variable,TP,TN,FP,FN,accuracy
train_x,Df,3631,2836,505,1128,0.798395061728395
train_x,D,4759,3341,0,0,1.0
valid_x,Df,401,316,55,128,0.7966666666666666
valid_x,D,529,371,0,0,1.0
test_x,Df,445,341,72,142,0.786
test_x,D,587,413,0,0,1.0
