dataset,variable,TP,TN,FP,FN,accuracy
train_x,Df,3615,2823,519,1143,0.7948148148148149
train_x,D,4758,3342,0,0,1.0
valid_x,Df,407,312,59,122,0.7988888888888889
valid_x,D,529,371,0,0,1.0
test_x,Df,468,352,60,120,0.82
test_x,D,588,412,0,0,1.0
