dataset,variable,TP,TN,FP,FN,accuracy
train_x,Df,3575,3494,559,472,0.8727160493827161
train_x,D,3361,2656,1397,686,0.7428395061728396
valid_x,Df,410,382,56,52,0.88
valid_x,D,390,299,139,72,0.7655555555555555
test_x,Df,488,433,40,39,0.921
test_x,D,456,341,132,71,0.797
