dataset,variable,TP,TN,FP,FN,accuracy
train_x,Df,69604,74506,5346,9032,0.9092801978698702
train_x,D,78636,79852,0,0,1.0
valid_x,Df,7699,8286,631,994,0.9077228847245883
valid_x,D,8693,8917,0,0,1.0
test_x,Df,8581,9190,686,1110,0.9082128072775592
test_x,D,9691,9876,0,0,1.0
