dataset,variable,TP,TN,FP,FN,accuracy
train_x,Df,3824,3725,256,295,0.9319753086419753
train_x,D,3824,3725,256,295,0.9319753086419753
valid_x,Df,404,433,28,35,0.93
valid_x,D,404,433,28,35,0.93
test_x,Df,468,450,43,39,0.918
test_x,D,468,450,43,39,0.918
