dataset,variable,TP,TN,FP,FN,accuracy
train_x,Df,3560,3495,520,525,0.8709876543209877
train_x,D,3560,3495,520,525,0.8709876543209877
valid_x,Df,375,408,57,60,0.87
valid_x,D,375,408,57,60,0.87
test_x,Df,436,409,75,80,0.845
test_x,D,436,409,75,80,0.845
