dataset,variable,TP,TN,FP,FN,accuracy
train_x,Df,30153,3765,2230,3407,0.8574895714827455
train_x,D,30153,3765,2230,3407,0.8574895714827455
valid_x,Df,3314,420,249,412,0.8496018202502844
valid_x,D,3314,420,249,412,0.8496018202502844
test_x,Df,3729,453,295,407,0.8562653562653563
test_x,D,3729,453,295,407,0.8562653562653563
