dataset,variable,TP,TN,FP,FN,accuracy
train_x,Df,3910,3369,273,548,0.898641975308642
train_x,D,3600,2483,1159,858,0.7509876543209877
valid_x,Df,430,383,19,68,0.9033333333333333
valid_x,D,396,269,133,102,0.7388888888888889
test_x,Df,484,427,29,60,0.911
test_x,D,439,308,148,105,0.747
