dataset,variable,TP,TN,FP,FN,accuracy
train_x,Df,2356,17514,1791,4713,0.7533934935921741
train_x,D,2356,17514,1791,4713,0.7533934935921741
valid_x,Df,245,1944,193,549,0.7468440805185943
valid_x,D,245,1944,193,549,0.7468440805185943
test_x,Df,261,2158,234,603,0.7429361179361179
test_x,D,261,2158,234,603,0.7429361179361179
