dataset,variable,TP,TN,FP,FN,accuracy
train_x,Df,3269,18671,1352,3082,0.8318798817016759
train_x,D,3269,18671,1352,3082,0.8318798817016759
valid_x,Df,343,2069,156,363,0.8229273285568065
valid_x,D,343,2069,156,363,0.8229273285568065
test_x,Df,411,2308,164,373,0.8350737100737101
test_x,D,411,2308,164,373,0.8350737100737101
