dataset,variable,TP,TN,FP,FN,accuracy
train_x,Df,4022,3937,61,80,0.9825925925925926
train_x,D,3817,3875,123,285,0.9496296296296296
valid_x,Df,448,432,10,10,0.9777777777777777
valid_x,D,425,433,9,33,0.9533333333333334
test_x,Df,489,487,8,16,0.976
test_x,D,462,482,13,43,0.944
