dataset,variable,TP,TN,FP,FN,accuracy
train_x,Df,3838,3915,245,102,0.9571604938271605
train_x,D,3940,4160,0,0,1.0
valid_x,Df,427,435,31,7,0.9577777777777777
valid_x,D,434,466,0,0,1.0
test_x,Df,463,491,34,12,0.954
test_x,D,475,525,0,0,1.0
