,accuracy,f1_score,precision,recall,FNR,FPR,cross_entropy,FNR_diff,FPR_diff,equalized_odds,Equal_Opportunity,experiment,fold,eval_type,stage,WEOp,expected_acc,WEQ
0,0.586,0.6991279069767442,0.5509736540664376,0.9562624254473161,0.0437375745526839,0.7887323943661971,0.26062333989053943,0.05271962011655515,0.031365520331578356,0.052719620116555066,0.052719620116555066,reweight,8,ground,proxy,0.0780753793533091,0.5948971207061841,0.0780753793533091
0,0.652,0.7246835443037976,0.6018396846254928,0.9105367793240556,0.08946322067594434,0.6096579476861167,0.18064858200136832,0.03915749334484496,0.02481236697658784,0.039157493344844974,0.039157493344844974,reduction,8,ground,proxy,0.05991207220934591,0.6516040252899111,0.05991207220934591
0,0.609,0.6781893004115226,0.5786516853932584,0.8190854870775348,0.18091451292246521,0.6036217303822937,0.14902664382038824,0.4824987409166127,0.4674022627982524,0.4824987409166127,0.4824987409166127,LR,8,ground,proxy,0.5006896412275166,0.6118836698748928,0.5006896412275166
