dataset,variable,TP,TN,FP,FN,accuracy
train_x,Df,3941,3315,664,180,0.8958024691358024
train_x,D,3941,3315,664,180,0.8958024691358024
valid_x,Df,426,372,84,18,0.8866666666666667
valid_x,D,426,372,84,18,0.8866666666666667
test_x,Df,479,416,84,21,0.895
test_x,D,479,416,84,21,0.895
