dataset,variable,TP,TN,FP,FN,accuracy
train_x,Df,3623,17556,376,4819,0.8030257071358156
train_x,D,8442,17932,0,0,1.0
valid_x,Df,401,1943,30,557,0.799727055612419
valid_x,D,958,1973,0,0,1.0
test_x,Df,453,2184,33,586,0.8098894348894349
test_x,D,1039,2217,0,0,1.0
