dataset,variable,TP,TN,FP,FN,accuracy
train_x,Df,38453,77103,14214,28718,0.7291151380546161
train_x,D,38453,77103,14214,28718,0.7291151380546161
valid_x,Df,4340,8520,1584,3166,0.730266893810335
valid_x,D,4340,8520,1584,3166,0.730266893810335
test_x,Df,4727,9469,1777,3594,0.7255072315633464
test_x,D,4727,9469,1777,3594,0.7255072315633464
