dataset,variable,TP,TN,FP,FN,accuracy
train_x,Df,30030,3822,2199,3504,0.8558210087220326
train_x,D,30030,3822,2199,3504,0.8558210087220326
valid_x,Df,3325,420,257,393,0.8521046643913538
valid_x,D,3325,420,257,393,0.8521046643913538
test_x,Df,3755,448,266,415,0.8605651105651105
test_x,D,3755,448,266,415,0.8605651105651105
