dataset,variable,TP,TN,FP,FN,accuracy
train_x,Df,3895,3705,288,212,0.9382716049382716
train_x,D,3566,2800,1193,541,0.7859259259259259
valid_x,Df,428,429,21,22,0.9522222222222222
valid_x,D,395,316,134,55,0.79
test_x,Df,484,463,29,24,0.947
test_x,D,435,340,152,73,0.775
