dataset,variable,TP,TN,FP,FN,accuracy
train_x,Df,3077,3452,1057,514,0.8060493827160494
train_x,D,2818,2569,1940,773,0.6650617283950617
valid_x,Df,355,381,111,53,0.8177777777777778
valid_x,D,323,286,206,85,0.6766666666666666
test_x,Df,411,411,117,61,0.822
test_x,D,374,314,214,98,0.688
