dataset,variable,TP,TN,FP,FN,accuracy
train_x,Df,3048,18321,1525,3480,0.8102297717449003
train_x,D,3048,18321,1525,3480,0.8102297717449003
valid_x,Df,331,2037,163,400,0.8079153872398499
valid_x,D,331,2037,163,400,0.8079153872398499
test_x,Df,372,2214,207,463,0.7942260442260443
test_x,D,372,2214,207,463,0.7942260442260443
