dataset,variable,TP,TN,FP,FN,accuracy
train_x,Df,30197,3688,2322,3349,0.8566336333299626
train_x,D,30197,3688,2322,3349,0.8566336333299626
valid_x,Df,3303,417,245,430,0.8464163822525598
valid_x,D,3303,417,245,430,0.8464163822525598
test_x,Df,3719,436,304,424,0.8509113250051198
test_x,D,3719,436,304,424,0.8509113250051198
