dataset,variable,TP,TN,FP,FN,accuracy
train_x,Df,69463,74432,5395,9199,0.907917899664961
train_x,D,78662,79827,0,0,1.0
valid_x,Df,7704,8345,601,960,0.9113571834185122
valid_x,D,8664,8946,0,0,1.0
test_x,Df,8504,9204,668,1190,0.9050393539813963
test_x,D,9694,9872,0,0,1.0
