dataset,variable,TP,TN,FP,FN,accuracy
train_x,Df,34136,4565,5,849,0.9784098091265326
train_x,D,34985,4570,0,0,1.0
valid_x,Df,3791,514,1,89,0.9795221843003413
valid_x,D,3880,515,0,0,1.0
test_x,Df,4222,565,1,96,0.9801392301392301
test_x,D,4318,566,0,0,1.0
