dataset,variable,TP,TN,FP,FN,accuracy
train_x,Df,71691,86785,0,12,0.9999242844884155
train_x,D,71703,86785,0,0,1.0
valid_x,Df,7993,9616,0,1,0.9999432140829074
valid_x,D,7994,9616,0,0,1.0
test_x,Df,8807,10759,0,1,0.9999488935452547
test_x,D,8808,10759,0,0,1.0
