dataset,variable,TP,TN,FP,FN,accuracy
train_x,Df,5788,18587,720,1279,0.9242056570865246
train_x,D,7067,19307,0,0,1.0
valid_x,Df,637,2084,88,122,0.9283520982599796
valid_x,D,759,2172,0,0,1.0
test_x,Df,719,2261,94,182,0.9152334152334153
test_x,D,901,2355,0,0,1.0
