dataset,variable,TP,TN,FP,FN,accuracy
train_x,Df,7119,18950,286,19,0.9884355804959429
train_x,D,7138,19236,0,0,1.0
valid_x,Df,794,2086,49,2,0.9825997952917093
valid_x,D,796,2135,0,0,1.0
test_x,Df,880,2332,42,2,0.9864864864864865
test_x,D,882,2374,0,0,1.0
