dataset,variable,TP,TN,FP,FN,accuracy
train_x,Df,2969,18313,1491,3601,0.80693106847653
train_x,D,2969,18313,1491,3601,0.80693106847653
valid_x,Df,353,2036,181,361,0.815080177413852
valid_x,D,353,2036,181,361,0.815080177413852
test_x,Df,362,2243,203,448,0.8000614250614251
test_x,D,362,2243,203,448,0.8000614250614251
