dataset,variable,TP,TN,FP,FN,accuracy
train_x,Df,4053,3997,31,19,0.9938271604938271
train_x,D,4072,3902,126,0,0.9844444444444445
valid_x,Df,465,433,2,0,0.9977777777777778
valid_x,D,465,416,19,0,0.9788888888888889
test_x,Df,528,468,4,0,0.996
test_x,D,528,460,12,0,0.988
