dataset,variable,TP,TN,FP,FN,accuracy
train_x,Df,4084,3902,0,114,0.9859259259259259
train_x,D,4198,3902,0,0,1.0
valid_x,Df,467,416,0,17,0.9811111111111112
valid_x,D,484,416,0,0,1.0
test_x,Df,531,459,1,9,0.99
test_x,D,540,460,0,0,1.0
