dataset,variable,TP,TN,FP,FN,accuracy
train_x,Df,2352,17452,1826,4744,0.7508910290437553
train_x,D,2352,17452,1826,4744,0.7508910290437553
valid_x,Df,254,1940,221,516,0.7485499829409757
valid_x,D,254,1940,221,516,0.7485499829409757
test_x,Df,278,2184,211,583,0.7561425061425061
test_x,D,278,2184,211,583,0.7561425061425061
