dataset,variable,TP,TN,FP,FN,accuracy
train_x,Df,3671,2805,537,1087,0.7995061728395062
train_x,D,4758,3342,0,0,1.0
valid_x,Df,408,318,53,121,0.8066666666666666
valid_x,D,529,371,0,0,1.0
test_x,Df,453,349,63,135,0.802
test_x,D,588,412,0,0,1.0
