dataset,variable,TP,TN,FP,FN,accuracy
train_x,Df,3941,3712,267,180,0.9448148148148148
train_x,D,3572,2793,1186,549,0.7858024691358024
valid_x,Df,422,417,39,22,0.9322222222222222
valid_x,D,391,318,138,53,0.7877777777777778
test_x,Df,476,460,40,24,0.936
test_x,D,433,345,155,67,0.778
