dataset,variable,TP,TN,FP,FN,accuracy
train_x,Df,6301,19420,384,269,0.9752407674224615
train_x,D,6570,19804,0,0,1.0
valid_x,Df,696,2167,36,32,0.9767997270556125
valid_x,D,728,2203,0,0,1.0
test_x,Df,754,2423,37,42,0.9757371007371007
test_x,D,796,2460,0,0,1.0
