dataset,variable,TP,TN,FP,FN,accuracy
train_x,Df,3752,3852,238,258,0.9387654320987654
train_x,D,3505,2794,1296,505,0.7776543209876543
valid_x,Df,426,423,24,27,0.9433333333333334
valid_x,D,385,298,149,68,0.7588888888888888
test_x,Df,469,473,30,28,0.942
test_x,D,437,347,156,60,0.784
