dataset,variable,TP,TN,FP,FN,accuracy
train_x,Df,3544,2853,446,1257,0.7897530864197531
train_x,D,4801,3299,0,0,1.0
valid_x,Df,391,307,59,143,0.7755555555555556
valid_x,D,534,366,0,0,1.0
test_x,Df,442,350,57,151,0.792
test_x,D,593,407,0,0,1.0
