dataset,variable,TP,TN,FP,FN,accuracy
train_x,Df,3971,3969,59,101,0.980246913580247
train_x,D,3782,3911,117,290,0.9497530864197531
valid_x,Df,455,429,6,10,0.9822222222222222
valid_x,D,435,429,6,30,0.96
test_x,Df,521,459,13,7,0.98
test_x,D,487,450,22,41,0.937
