dataset,variable,TP,TN,FP,FN,accuracy
train_x,Df,3797,3968,233,102,0.9586419753086419
train_x,D,3899,4201,0,0,1.0
valid_x,Df,436,434,25,5,0.9666666666666667
valid_x,D,441,459,0,0,1.0
test_x,Df,495,452,39,14,0.947
test_x,D,509,491,0,0,1.0
