dataset,variable,TP,TN,FP,FN,accuracy
train_x,Df,3887,3612,249,352,0.9258024691358024
train_x,D,3573,2675,1186,666,0.7713580246913581
valid_x,Df,430,409,26,35,0.9322222222222222
valid_x,D,400,306,129,65,0.7844444444444445
test_x,Df,487,452,30,31,0.939
test_x,D,436,331,151,82,0.767
