dataset,variable,TP,TN,FP,FN,accuracy
train_x,Df,3138,3131,1339,492,0.7739506172839506
train_x,D,3138,3131,1339,492,0.7739506172839506
valid_x,Df,355,350,151,44,0.7833333333333333
valid_x,D,355,350,151,44,0.7833333333333333
test_x,Df,372,376,182,70,0.748
test_x,D,372,376,182,70,0.748
