dataset,variable,TP,TN,FP,FN,accuracy
train_x,Df,28010,3636,4469,3440,0.8000505625079004
train_x,D,28010,3636,4469,3440,0.8000505625079004
valid_x,Df,3078,395,526,396,0.7902161547212742
valid_x,D,3078,395,526,396,0.7902161547212742
test_x,Df,3518,430,534,402,0.8083538083538083
test_x,D,3518,430,534,402,0.8083538083538083
