dataset,variable,TP,TN,FP,FN,accuracy
train_x,Df,3580,3437,554,529,0.8662962962962963
train_x,D,3580,3437,554,529,0.8662962962962963
valid_x,Df,383,404,57,56,0.8744444444444445
valid_x,D,383,404,57,56,0.8744444444444445
test_x,Df,414,438,74,74,0.852
test_x,D,414,438,74,74,0.852
