dataset,variable,TP,TN,FP,FN,accuracy
train_x,Df,3846,3677,288,289,0.9287654320987654
train_x,D,3846,3677,288,289,0.9287654320987654
valid_x,Df,408,422,32,38,0.9222222222222223
valid_x,D,408,422,32,38,0.9222222222222223
test_x,Df,442,470,46,42,0.912
test_x,D,442,470,46,42,0.912
