dataset,variable,TP,TN,FP,FN,accuracy
train_x,Df,3509,2835,463,1293,0.7832098765432098
train_x,D,4802,3298,0,0,1.0
valid_x,Df,401,314,52,133,0.7944444444444444
valid_x,D,534,366,0,0,1.0
test_x,Df,451,338,70,141,0.789
test_x,D,592,408,0,0,1.0
