dataset,variable,TP,TN,FP,FN,accuracy
train_x,Df,3746,3889,226,239,0.9425925925925925
train_x,D,3488,2801,1314,497,0.7764197530864198
valid_x,Df,428,414,25,33,0.9355555555555556
valid_x,D,401,306,133,60,0.7855555555555556
test_x,Df,489,454,32,25,0.943
test_x,D,438,332,154,76,0.77
