dataset,variable,TP,TN,FP,FN,accuracy
train_x,Df,3678,3225,926,271,0.8522222222222222
train_x,D,3678,3225,926,271,0.8522222222222222
valid_x,Df,381,373,107,39,0.8377777777777777
valid_x,D,381,373,107,39,0.8377777777777777
test_x,Df,444,395,125,36,0.839
test_x,D,444,395,125,36,0.839
