dataset,variable,TP,TN,FP,FN,accuracy
train_x,Df,6949,17360,398,1667,0.9217031925381057
train_x,D,8616,17758,0,0,1.0
valid_x,Df,756,1933,42,200,0.9174343227567383
valid_x,D,956,1975,0,0,1.0
test_x,Df,873,2122,58,203,0.9198402948402948
test_x,D,1076,2180,0,0,1.0
