dataset,variable,TP,TN,FP,FN,accuracy
train_x,Df,3932,3309,672,187,0.8939506172839506
train_x,D,3932,3309,672,187,0.8939506172839506
valid_x,Df,413,386,75,26,0.8877777777777778
valid_x,D,413,386,75,26,0.8877777777777778
test_x,Df,479,403,90,28,0.882
test_x,D,479,403,90,28,0.882
