dataset,variable,TP,TN,FP,FN,accuracy
train_x,Df,3690,2428,914,1068,0.7553086419753087
train_x,D,3690,2428,914,1068,0.7553086419753087
valid_x,Df,386,269,102,143,0.7277777777777777
valid_x,D,386,269,102,143,0.7277777777777777
test_x,Df,442,285,127,146,0.727
test_x,D,442,285,127,146,0.727
