dataset,variable,TP,TN,FP,FN,accuracy
train_x,Df,4048,16017,1746,4563,0.7607871388488663
train_x,D,4048,16017,1746,4563,0.7607871388488663
valid_x,Df,445,1763,210,513,0.7533265097236438
valid_x,D,445,1763,210,513,0.7533265097236438
test_x,Df,465,1945,232,614,0.7401719901719902
test_x,D,465,1945,232,614,0.7401719901719902
