dataset,variable,TP,TN,FP,FN,accuracy
train_x,Df,65439,84528,6910,1612,0.9462297067935315
train_x,D,67051,91438,0,0,1.0
valid_x,Df,7284,9349,784,193,0.9445201590005678
valid_x,D,7477,10133,0,0,1.0
test_x,Df,8056,10451,874,185,0.9458754983134008
test_x,D,8241,11325,0,0,1.0
