dataset,variable,TP,TN,FP,FN,accuracy
train_x,Df,28335,2321,4932,3967,0.7750221210972065
train_x,D,28335,2321,4932,3967,0.7750221210972065
valid_x,Df,3118,228,582,467,0.7613196814562002
valid_x,D,3118,228,582,467,0.7613196814562002
test_x,Df,3564,282,585,453,0.7874692874692875
test_x,D,3564,282,585,453,0.7874692874692875
