dataset,variable,TP,TN,FP,FN,accuracy
train_x,Df,3855,3810,226,209,0.9462962962962963
train_x,D,3534,2769,1267,530,0.7781481481481481
valid_x,Df,385,456,28,31,0.9344444444444444
valid_x,D,372,322,162,44,0.7711111111111111
test_x,Df,446,489,31,34,0.935
test_x,D,421,348,172,59,0.769
