dataset,variable,TP,TN,FP,FN,accuracy
train_x,Df,3590,2808,491,1211,0.7898765432098765
train_x,D,4801,3299,0,0,1.0
valid_x,Df,371,324,42,163,0.7722222222222223
valid_x,D,534,366,0,0,1.0
test_x,Df,423,353,54,170,0.776
test_x,D,593,407,0,0,1.0
