dataset,variable,TP,TN,FP,FN,accuracy
train_x,Df,1726,16656,1248,6744,0.6969742928641844
train_x,D,1726,16656,1248,6744,0.6969742928641844
valid_x,Df,168,1868,131,764,0.6946434663937223
valid_x,D,168,1868,131,764,0.6946434663937223
test_x,Df,188,2045,174,849,0.6858108108108109
test_x,D,188,2045,174,849,0.6858108108108109
