dataset,variable,TP,TN,FP,FN,accuracy
train_x,Df,65398,84524,6942,1624,0.9459517439806169
train_x,D,67022,91466,0,0,1.0
valid_x,Df,7286,9342,775,207,0.9442362294151051
valid_x,D,7493,10117,0,0,1.0
test_x,Df,8059,10462,851,195,0.9465426483364849
test_x,D,8254,11313,0,0,1.0
