dataset,variable,TP,TN,FP,FN,accuracy
train_x,Df,39463,80058,13359,25608,0.7541328050073192
train_x,D,39463,80058,13359,25608,0.7541328050073192
valid_x,Df,4430,8823,1557,2800,0.7525837592277115
valid_x,D,4430,8823,1557,2800,0.7525837592277115
test_x,Df,4857,9834,1699,3177,0.7508049266622374
test_x,D,4857,9834,1699,3177,0.7508049266622374
