dataset,variable,TP,TN,FP,FN,accuracy
train_x,Df,3919,3882,126,173,0.9630864197530864
train_x,D,3254,3638,370,838,0.8508641975308642
valid_x,Df,443,414,17,26,0.9522222222222222
valid_x,D,378,394,37,91,0.8577777777777778
test_x,Df,478,479,17,26,0.957
test_x,D,396,460,36,108,0.856
