dataset,variable,TP,TN,FP,FN,accuracy
train_x,Df,3270,3701,775,354,0.8606172839506173
train_x,D,3624,4476,0,0,1.0
valid_x,Df,380,405,80,35,0.8722222222222222
valid_x,D,415,485,0,0,1.0
test_x,Df,399,472,96,33,0.871
test_x,D,432,568,0,0,1.0
