dataset,variable,TP,TN,FP,FN,accuracy
train_x,Df,2390,17526,1752,4706,0.755137635550163
train_x,D,2390,17526,1752,4706,0.755137635550163
valid_x,Df,279,1940,216,496,0.757079495052883
valid_x,D,279,1940,216,496,0.757079495052883
test_x,Df,289,2167,233,567,0.7542997542997543
test_x,D,289,2167,233,567,0.7542997542997543
