dataset,variable,TP,TN,FP,FN,accuracy
train_x,Df,65059,88008,5409,12,0.9657955176417142
train_x,D,65071,93417,0,0,1.0
valid_x,Df,7228,9781,599,2,0.9658716638273708
valid_x,D,7230,10380,0,0,1.0
test_x,Df,8033,10877,656,1,0.966423059232381
test_x,D,8034,11533,0,0,1.0
