dataset,variable,TP,TN,FP,FN,accuracy
train_x,Df,3405,17812,1414,3742,0.8044970234709741
train_x,D,3405,17812,1414,3742,0.8044970234709741
valid_x,Df,375,2004,145,407,0.8116683725690891
valid_x,D,375,2004,145,407,0.8116683725690891
test_x,Df,452,2189,181,435,0.8108688977586737
test_x,D,452,2189,181,435,0.8108688977586737
