dataset,variable,TP,TN,FP,FN,accuracy
train_x,Df,39828,75404,15816,27441,0.7270662317258612
train_x,D,39828,75404,15816,27441,0.7270662317258612
valid_x,Df,4479,8407,1737,2987,0.7317433276547416
valid_x,D,4479,8407,1737,2987,0.7317433276547416
test_x,Df,4921,9370,1933,3342,0.7303996729019728
test_x,D,4921,9370,1933,3342,0.7303996729019728
