dataset,variable,TP,TN,FP,FN,accuracy
train_x,Df,3089,17676,1555,4054,0.7873284295139152
train_x,D,3089,17676,1555,4054,0.7873284295139152
valid_x,Df,352,1965,192,422,0.7905151825315592
valid_x,D,352,1965,192,422,0.7905151825315592
test_x,Df,377,2210,200,469,0.7945331695331695
test_x,D,377,2210,200,469,0.7945331695331695
