dataset,variable,TP,TN,FP,FN,accuracy
train_x,Df,35718,3831,6,0,0.9998483124762988
train_x,D,35718,3837,0,0,1.0
valid_x,Df,3962,431,2,0,0.9995449374288965
valid_x,D,3962,433,0,0,1.0
test_x,Df,4416,467,1,0,0.9997952497952498
test_x,D,4416,468,0,0,1.0
