dataset,variable,TP,TN,FP,FN,accuracy
train_x,Df,3138,3068,1422,472,0.7661728395061729
train_x,D,3138,3068,1422,472,0.7661728395061729
valid_x,Df,346,339,152,63,0.7611111111111111
valid_x,D,346,339,152,63,0.7611111111111111
test_x,Df,392,373,175,60,0.765
test_x,D,392,373,175,60,0.765
