dataset,variable,TP,TN,FP,FN,accuracy
train_x,Df,33535,5888,133,0,0.9966376782283345
train_x,D,33535,6021,0,0,1.0
valid_x,Df,3748,637,10,0,0.9977246871444824
valid_x,D,3748,647,0,0,1.0
test_x,Df,4139,728,16,0,0.9967233258242884
test_x,D,4139,744,0,0,1.0
