dataset,variable,TP,TN,FP,FN,accuracy
train_x,Df,32293,3899,3363,1,0.9149560117302052
train_x,D,32294,7262,0,0,1.0
valid_x,Df,3611,444,340,0,0.9226393629124005
valid_x,D,3611,784,0,0,1.0
test_x,Df,3999,499,385,0,0.9211550276469384
test_x,D,3999,884,0,0,1.0
