dataset,variable,TP,TN,FP,FN,accuracy
train_x,Df,3093,2998,1041,968,0.7519753086419753
train_x,D,3067,2348,1691,994,0.6685185185185185
valid_x,Df,359,334,107,100,0.77
valid_x,D,353,265,176,106,0.6866666666666666
test_x,Df,432,367,96,105,0.799
test_x,D,426,301,162,111,0.727
