dataset,variable,TP,TN,FP,FN,accuracy
train_x,Df,2226,17632,1695,4821,0.7529385000379162
train_x,D,2226,17632,1695,4821,0.7529385000379162
valid_x,Df,253,1958,179,541,0.7543500511770727
valid_x,D,253,1958,179,541,0.7543500511770727
test_x,Df,280,2154,216,606,0.7475429975429976
test_x,D,280,2154,216,606,0.7475429975429976
