dataset,variable,TP,TN,FP,FN,accuracy
train_x,Df,56025,55252,24663,22549,0.7021118184858255
train_x,D,56025,55252,24663,22549,0.7021118184858255
valid_x,Df,6161,6074,2819,2556,0.6947756956274844
valid_x,D,6161,6074,2819,2556,0.6947756956274844
test_x,Df,6940,6736,3101,2789,0.6989675968516815
test_x,D,6940,6736,3101,2789,0.6989675968516815
