dataset,variable,TP,TN,FP,FN,accuracy
train_x,Df,65056,88022,5395,16,0.9658588293193849
train_x,D,65072,93417,0,0,1.0
valid_x,Df,7228,9779,601,2,0.9657580919931857
valid_x,D,7230,10380,0,0,1.0
test_x,Df,8029,10865,668,4,0.9656547071450475
test_x,D,8033,11533,0,0,1.0
