dataset,variable,TP,TN,FP,FN,accuracy
train_x,Df,68258,83466,5395,1370,0.9573156496665384
train_x,D,69628,88861,0,0,1.0
valid_x,Df,7556,9317,601,136,0.9581487791027825
valid_x,D,7692,9918,0,0,1.0
test_x,Df,8397,10313,668,188,0.9562506388633344
test_x,D,8585,10981,0,0,1.0
