dataset,variable,TP,TN,FP,FN,accuracy
train_x,Df,3284,3715,767,334,0.8640740740740741
train_x,D,3618,4482,0,0,1.0
valid_x,Df,373,391,94,42,0.8488888888888889
valid_x,D,415,485,0,0,1.0
test_x,Df,405,468,94,33,0.873
test_x,D,438,562,0,0,1.0
