dataset,variable,TP,TN,FP,FN,accuracy
train_x,Df,3915,3880,136,169,0.9623456790123457
train_x,D,3254,3652,364,830,0.8525925925925926
valid_x,Df,452,415,15,18,0.9633333333333334
valid_x,D,374,389,41,96,0.8477777777777777
test_x,Df,487,477,12,24,0.964
test_x,D,400,451,38,111,0.851
