dataset,variable,TP,TN,FP,FN,accuracy
train_x,Df,4005,3239,364,492,0.894320987654321
train_x,D,4005,3239,364,492,0.894320987654321
valid_x,Df,428,379,39,54,0.8966666666666666
valid_x,D,428,379,39,54,0.8966666666666666
test_x,Df,462,421,58,59,0.883
test_x,D,462,421,58,59,0.883
