dataset,variable,TP,TN,FP,FN,accuracy
train_x,Df,3938,3534,431,197,0.9224691358024691
train_x,D,3938,3534,431,197,0.9224691358024691
valid_x,Df,422,409,45,24,0.9233333333333333
valid_x,D,422,409,45,24,0.9233333333333333
test_x,Df,454,450,66,30,0.904
test_x,D,454,450,66,30,0.904
