dataset,variable,TP,TN,FP,FN,accuracy
train_x,Df,7126,18801,425,21,0.983088765024836
train_x,D,7147,19226,0,0,1.0
valid_x,Df,781,2104,45,1,0.9843056977140907
valid_x,D,782,2149,0,0,1.0
test_x,Df,883,2315,55,4,0.9818851704022106
test_x,D,887,2370,0,0,1.0
