dataset,variable,TP,TN,FP,FN,accuracy
train_x,Df,4114,3664,0,322,0.9602469135802469
train_x,D,4436,3664,0,0,1.0
valid_x,Df,473,395,1,31,0.9644444444444444
valid_x,D,504,396,0,0,1.0
test_x,Df,515,440,0,45,0.955
test_x,D,560,440,0,0,1.0
