dataset,variable,TP,TN,FP,FN,accuracy
train_x,Df,4056,3958,58,28,0.9893827160493828
train_x,D,4084,3664,352,0,0.9565432098765432
valid_x,Df,464,420,10,6,0.9822222222222222
valid_x,D,470,396,34,0,0.9622222222222222
test_x,Df,509,483,6,2,0.992
test_x,D,511,440,49,0,0.951
