dataset,variable,TP,TN,FP,FN,accuracy
train_x,Df,6938,17288,426,1722,0.9185561537878213
train_x,D,8660,17714,0,0,1.0
valid_x,Df,756,1958,43,174,0.9259638348686455
valid_x,D,930,2001,0,0,1.0
test_x,Df,847,2166,32,211,0.9253685503685504
test_x,D,1058,2198,0,0,1.0
