dataset,variable,TP,TN,FP,FN,accuracy
train_x,Df,33442,1313,3620,1181,0.8786277682273232
train_x,D,33442,1313,3620,1181,0.8786277682273232
valid_x,Df,3704,158,390,143,0.8787258248009101
valid_x,D,3704,158,390,143,0.8787258248009101
test_x,Df,4140,170,439,134,0.8826541060823264
test_x,D,4140,170,439,134,0.8826541060823264
