,accuracy,f1_score,precision,recall,FNR,FPR,cross_entropy,FNR_diff,FPR_diff,equalized_odds,Equal_Opportunity,experiment,fold,eval_type,stage,WEOp,expected_acc,WEQ
0,0.595,0.7019867549668876,0.5533642691415314,0.959758551307847,0.04024144869215292,0.7654075546719682,0.24883983782102034,0.05877551020408163,0.029044856482008052,0.05877551020408156,0.05877551020408156,reweight,2,ground,proxy,0.09544159587734713,0.6043760603857663,0.09544159587734713
0,0.694,0.7536231884057971,0.6281879194630873,0.9416498993963782,0.05835010060362173,0.5506958250497018,0.17952071647175188,0.02489795918367347,0.3904751071171274,0.3904751071171274,0.024897959183673435,reduction,2,ground,proxy,-0.01410237153169025,0.6960971032899542,0.41059761810733664
0,0.591,0.6682887266828873,0.5597826086956522,0.8289738430583501,0.1710261569416499,0.6441351888667992,0.16150329307046724,0.5009523809523809,0.4575133659424412,0.5009523809523809,0.5009523809523809,LR,2,ground,proxy,0.5248930671836647,0.6018024081543408,0.5248930671836647
