dataset,variable,TP,TN,FP,FN,accuracy
train_x,Df,3293,3172,831,804,0.7981481481481482
train_x,D,4097,4003,0,0,1.0
valid_x,Df,372,332,103,93,0.7822222222222223
valid_x,D,465,435,0,0,1.0
test_x,Df,394,395,110,101,0.789
test_x,D,495,505,0,0,1.0
