dataset,variable,TP,TN,FP,FN,accuracy
train_x,Df,3912,3796,212,180,0.951604938271605
train_x,D,3257,3168,840,835,0.7932098765432098
valid_x,Df,450,406,25,19,0.9511111111111111
valid_x,D,375,341,90,94,0.7955555555555556
test_x,Df,478,470,26,26,0.948
test_x,D,394,395,101,110,0.789
