dataset,variable,TP,TN,FP,FN,accuracy
train_x,Df,6045,18820,480,1029,0.9427845605520588
train_x,D,7074,19300,0,0,1.0
valid_x,Df,699,2085,43,104,0.9498464687819856
valid_x,D,803,2128,0,0,1.0
test_x,Df,749,2307,63,137,0.9385749385749386
test_x,D,886,2370,0,0,1.0
