dataset,variable,TP,TN,FP,FN,accuracy
train_x,Df,38750,77209,14264,28266,0.7316533008599966
train_x,D,38750,77209,14264,28266,0.7316533008599966
valid_x,Df,4295,8609,1575,3131,0.7327654741624077
valid_x,D,4295,8609,1575,3131,0.7327654741624077
test_x,Df,4894,9482,1757,3433,0.7347439435755904
test_x,D,4894,9482,1757,3433,0.7347439435755904
