dataset,variable,TP,TN,FP,FN,accuracy
train_x,Df,3855,3780,251,214,0.9425925925925925
train_x,D,4069,4031,0,0,1.0
valid_x,Df,437,407,24,32,0.9377777777777778
valid_x,D,469,431,0,0,1.0
test_x,Df,467,466,36,31,0.933
test_x,D,498,502,0,0,1.0
