dataset,variable,TP,TN,FP,FN,accuracy
train_x,Df,3997,3893,109,101,0.9740740740740741
train_x,D,3806,3739,263,292,0.9314814814814815
valid_x,Df,447,426,14,13,0.97
valid_x,D,432,403,37,28,0.9277777777777778
test_x,Df,488,478,15,19,0.966
test_x,D,457,452,41,50,0.909
