dataset,variable,TP,TN,FP,FN,accuracy
train_x,Df,32810,1213,4441,1091,0.8601441031475161
train_x,D,32810,1213,4441,1091,0.8601441031475161
valid_x,Df,3655,122,492,126,0.8593856655290102
valid_x,D,3655,122,492,126,0.8593856655290102
test_x,Df,4057,148,538,141,0.8609746109746109
test_x,D,4057,148,538,141,0.8609746109746109
