dataset,variable,TP,TN,FP,FN,accuracy
train_x,Df,3851,3621,407,221,0.9224691358024691
train_x,D,3851,3621,407,221,0.9224691358024691
valid_x,Df,441,374,61,24,0.9055555555555556
valid_x,D,441,374,61,24,0.9055555555555556
test_x,Df,499,423,49,29,0.922
test_x,D,499,423,49,29,0.922
