dataset,variable,TP,TN,FP,FN,accuracy
train_x,Df,3907,3328,351,514,0.8932098765432098
train_x,D,3907,3328,351,514,0.8932098765432098
valid_x,Df,452,339,50,59,0.8788888888888889
valid_x,D,452,339,50,59,0.8788888888888889
test_x,Df,508,392,40,60,0.9
test_x,D,508,392,40,60,0.9
