dataset,variable,TP,TN,FP,FN,accuracy
train_x,Df,34127,962,3612,854,0.887093919858425
train_x,D,34127,962,3612,854,0.887093919858425
valid_x,Df,3787,98,412,98,0.8839590443686007
valid_x,D,3787,98,412,98,0.8839590443686007
test_x,Df,4202,120,447,115,0.8849303849303849
test_x,D,4202,120,447,115,0.8849303849303849
