dataset,variable,TP,TN,FP,FN,accuracy
train_x,Df,3883,3376,273,568,0.8961728395061729
train_x,D,3589,2480,1169,862,0.7492592592592593
valid_x,Df,420,392,23,65,0.9022222222222223
valid_x,D,388,274,141,97,0.7355555555555555
test_x,Df,490,407,29,74,0.897
test_x,D,458,306,130,106,0.764
