dataset,variable,TP,TN,FP,FN,accuracy
train_x,Df,3143,3403,1067,487,0.8081481481481482
train_x,D,2846,2558,1912,784,0.6671604938271605
valid_x,Df,354,386,115,45,0.8222222222222222
valid_x,D,326,298,203,73,0.6933333333333334
test_x,Df,374,414,144,68,0.788
test_x,D,343,313,245,99,0.656
