dataset,variable,TP,TN,FP,FN,accuracy
train_x,Df,3160,3046,1408,486,0.7661728395061729
train_x,D,3160,3046,1408,486,0.7661728395061729
valid_x,Df,335,338,163,64,0.7477777777777778
valid_x,D,335,338,163,64,0.7477777777777778
test_x,Df,363,402,172,63,0.765
test_x,D,363,402,172,63,0.765
