dataset,variable,TP,TN,FP,FN,accuracy
train_x,Df,30505,3416,2605,3030,0.8575437354636465
train_x,D,30505,3416,2605,3030,0.8575437354636465
valid_x,Df,3389,358,289,359,0.8525597269624573
valid_x,D,3389,358,289,359,0.8525597269624573
test_x,Df,3757,411,333,382,0.8535736227728855
test_x,D,3757,411,333,382,0.8535736227728855
