dataset,variable,TP,TN,FP,FN,accuracy
train_x,Df,35743,3807,6,0,0.9998483163110526
train_x,D,35743,3813,0,0,1.0
valid_x,Df,3960,435,0,0,1.0
valid_x,D,3960,435,0,0,1.0
test_x,Df,4393,489,1,0,0.999795207864018
test_x,D,4393,490,0,0,1.0
