dataset,variable,TP,TN,FP,FN,accuracy
train_x,Df,33806,4923,10,817,0.979092931540095
train_x,D,34623,4933,0,0,1.0
valid_x,Df,3746,548,0,101,0.9770193401592719
valid_x,D,3847,548,0,0,1.0
test_x,Df,4170,607,2,104,0.9782920335859103
test_x,D,4274,609,0,0,1.0
