dataset,variable,TP,TN,FP,FN,accuracy
train_x,Df,33901,4455,1199,0,0.9696877765137151
train_x,D,33901,5654,0,0,1.0
valid_x,Df,3781,493,121,0,0.9724687144482367
valid_x,D,3781,614,0,0,1.0
test_x,Df,4198,561,125,0,0.9744062244062244
test_x,D,4198,686,0,0,1.0
