dataset,variable,TP,TN,FP,FN,accuracy
train_x,Df,33250,4774,1186,346,0.9612700980887855
train_x,D,33596,5960,0,0,1.0
valid_x,Df,3658,534,160,43,0.953811149032992
valid_x,D,3701,694,0,0,1.0
test_x,Df,4081,599,159,44,0.9584271963956584
test_x,D,4125,758,0,0,1.0
