dataset,variable,TP,TN,FP,FN,accuracy
train_x,Df,3768,3740,252,340,0.9269135802469136
train_x,D,3768,3740,252,340,0.9269135802469136
valid_x,Df,415,428,26,31,0.9366666666666666
valid_x,D,415,428,26,31,0.9366666666666666
test_x,Df,466,459,30,45,0.925
test_x,D,466,459,30,45,0.925
