dataset,variable,TP,TN,FP,FN,accuracy
train_x,Df,3528,3676,492,404,0.8893827160493827
train_x,D,3528,3676,492,404,0.8893827160493827
valid_x,Df,384,419,57,40,0.8922222222222222
valid_x,D,384,419,57,40,0.8922222222222222
test_x,Df,440,451,56,53,0.891
test_x,D,440,451,56,53,0.891
