dataset,variable,TP,TN,FP,FN,accuracy
train_x,Df,37449,71969,15956,33114,0.6903866538791581
train_x,D,37449,71969,15956,33114,0.6903866538791581
valid_x,Df,4236,7899,1718,3757,0.6890971039182283
valid_x,D,4236,7899,1718,3757,0.6890971039182283
test_x,Df,4594,8938,1918,4117,0.6915725456125109
test_x,D,4594,8938,1918,4117,0.6915725456125109
