dataset,variable,TP,TN,FP,FN,accuracy
train_x,Df,39486,79994,13423,25586,0.7538693537090903
train_x,D,39486,79994,13423,25586,0.7538693537090903
valid_x,Df,4313,8894,1486,2917,0.7499716070414537
valid_x,D,4313,8894,1486,2917,0.7499716070414537
test_x,Df,4952,9826,1707,3081,0.7552897884084636
test_x,D,4952,9826,1707,3081,0.7552897884084636
