dataset,variable,TP,TN,FP,FN,accuracy
train_x,Df,3893,3265,727,215,0.8837037037037037
train_x,D,3893,3265,727,215,0.8837037037037037
valid_x,Df,421,368,86,25,0.8766666666666667
valid_x,D,421,368,86,25,0.8766666666666667
test_x,Df,488,384,105,23,0.872
test_x,D,488,384,105,23,0.872
