dataset,variable,TP,TN,FP,FN,accuracy
train_x,Df,3955,3777,188,180,0.9545679012345679
train_x,D,3287,3131,834,848,0.7923456790123456
valid_x,Df,427,433,21,19,0.9555555555555556
valid_x,D,350,369,85,96,0.7988888888888889
test_x,Df,464,483,33,20,0.947
test_x,D,389,404,112,95,0.793
