dataset,variable,TP,TN,FP,FN,accuracy
train_x,Df,3293,3129,850,828,0.7928395061728395
train_x,D,4121,3979,0,0,1.0
valid_x,Df,351,368,97,84,0.7988888888888889
valid_x,D,435,465,0,0,1.0
test_x,Df,397,399,100,104,0.796
test_x,D,501,499,0,0,1.0
