dataset,variable,TP,TN,FP,FN,accuracy
train_x,Df,67159,87176,4141,12,0.9737961233658069
train_x,D,67171,91317,0,0,1.0
valid_x,Df,7505,9662,442,1,0.9748438387279954
valid_x,D,7506,10104,0,0,1.0
test_x,Df,8320,10698,548,1,0.9719425563448664
test_x,D,8321,11246,0,0,1.0
