dataset,variable,TP,TN,FP,FN,accuracy
train_x,Df,31504,4713,3339,0,0.9155880271008191
train_x,D,31504,8052,0,0,1.0
valid_x,Df,3471,533,391,0,0.9110352673492605
valid_x,D,3471,924,0,0,1.0
test_x,Df,3869,586,428,0,0.9123489657997133
test_x,D,3869,1014,0,0,1.0
