dataset,variable,TP,TN,FP,FN,accuracy
train_x,Df,2385,17517,1775,4697,0.7546068097368621
train_x,D,2385,17517,1775,4697,0.7546068097368621
valid_x,Df,252,1915,240,524,0.739338109860116
valid_x,D,252,1915,240,524,0.739338109860116
test_x,Df,272,2157,230,597,0.746007371007371
test_x,D,272,2157,230,597,0.746007371007371
