dataset,variable,TP,TN,FP,FN,accuracy
train_x,Df,33807,4922,11,815,0.9791176842371382
train_x,D,34622,4933,0,0,1.0
valid_x,Df,3759,547,1,88,0.9797497155858931
valid_x,D,3847,548,0,0,1.0
test_x,Df,4161,607,2,114,0.9762489762489762
test_x,D,4275,609,0,0,1.0
