,experiment,fold,eval_type,stage,expected_acc,WEOp,WEQ
0,LR,1,ground,ground,0.7854263601840142,0.17373434391734144,0.17373434391734144
