dataset,variable,TP,TN,FP,FN,accuracy
train_x,Df,55831,55148,24792,22718,0.7002315618118607
train_x,D,55831,55148,24792,22718,0.7002315618118607
valid_x,Df,6233,6148,2701,2528,0.7030664395229983
valid_x,D,6233,6148,2701,2528,0.7030664395229983
test_x,Df,6916,6866,2990,2794,0.7043851579270163
test_x,D,6916,6866,2990,2794,0.7043851579270163
