dataset,variable,TP,TN,FP,FN,accuracy
train_x,Df,28018,2502,4754,4282,0.7715643644453433
train_x,D,28018,2502,4754,4282,0.7715643644453433
valid_x,Df,3077,294,508,516,0.7670079635949943
valid_x,D,3077,294,508,516,0.7670079635949943
test_x,Df,3483,325,547,528,0.7798484538193733
test_x,D,3483,325,547,528,0.7798484538193733
