dataset,variable,TP,TN,FP,FN,accuracy
train_x,Df,3883,3749,253,215,0.9422222222222222
train_x,D,3562,2805,1197,536,0.7860493827160494
valid_x,Df,429,413,27,31,0.9355555555555556
valid_x,D,398,309,131,62,0.7855555555555556
test_x,Df,487,463,30,20,0.95
test_x,D,436,342,151,71,0.778
