dataset,variable,TP,TN,FP,FN,accuracy
train_x,Df,3131,3102,1380,487,0.7695061728395062
train_x,D,3131,3102,1380,487,0.7695061728395062
valid_x,Df,353,321,164,62,0.7488888888888889
valid_x,D,353,321,164,62,0.7488888888888889
test_x,Df,390,378,184,48,0.768
test_x,D,390,378,184,48,0.768
