dataset,variable,TP,TN,FP,FN,accuracy
train_x,Df,3938,3786,195,181,0.9535802469135802
train_x,D,3272,3146,835,847,0.7923456790123456
valid_x,Df,421,445,16,18,0.9622222222222222
valid_x,D,361,379,82,78,0.8222222222222222
test_x,Df,490,472,21,17,0.962
test_x,D,393,379,114,114,0.772
