dataset,variable,TP,TN,FP,FN,accuracy
train_x,Df,3309,3169,824,798,0.7997530864197531
train_x,D,4107,3993,0,0,1.0
valid_x,Df,360,380,77,83,0.8222222222222222
valid_x,D,443,457,0,0,1.0
test_x,Df,393,375,118,114,0.768
test_x,D,507,493,0,0,1.0
