dataset,variable,TP,TN,FP,FN,accuracy
train_x,Df,6298,19388,635,53,0.9739137028892091
train_x,D,6351,20023,0,0,1.0
valid_x,Df,702,2169,56,4,0.9795291709314228
valid_x,D,706,2225,0,0,1.0
test_x,Df,781,2397,75,3,0.976044226044226
test_x,D,784,2472,0,0,1.0
