dataset,variable,TP,TN,FP,FN,accuracy
train_x,Df,36521,82358,11059,28551,0.7500772924303895
train_x,D,36521,82358,11059,28551,0.7500772924303895
valid_x,Df,4079,9149,1231,3151,0.7511641113003975
valid_x,D,4079,9149,1231,3151,0.7511641113003975
test_x,Df,4407,10183,1350,3626,0.7456812838597567
test_x,D,4407,10183,1350,3626,0.7456812838597567
