dataset,variable,TP,TN,FP,FN,accuracy
train_x,Df,1521,16745,1165,6943,0.6925760218396906
train_x,D,1521,16745,1165,6943,0.6925760218396906
valid_x,Df,185,1880,120,746,0.7045377004435346
valid_x,D,185,1880,120,746,0.7045377004435346
test_x,Df,193,2070,142,851,0.6950245700245701
test_x,D,193,2070,142,851,0.6950245700245701
