dataset,variable,TP,TN,FP,FN,accuracy
train_x,Df,3145,3077,1399,479,0.7681481481481481
train_x,D,3145,3077,1399,479,0.7681481481481481
valid_x,Df,363,345,140,52,0.7866666666666666
valid_x,D,363,345,140,52,0.7866666666666666
test_x,Df,391,385,183,41,0.776
test_x,D,391,385,183,41,0.776
