dataset,variable,TP,TN,FP,FN,accuracy
train_x,Df,3638,2435,906,1121,0.7497530864197531
train_x,D,3638,2435,906,1121,0.7497530864197531
valid_x,Df,407,275,96,122,0.7577777777777778
valid_x,D,407,275,96,122,0.7577777777777778
test_x,Df,449,288,125,138,0.737
test_x,D,449,288,125,138,0.737
