dataset,variable,TP,TN,FP,FN,accuracy
train_x,Df,65028,87998,5419,44,0.9655307308393642
train_x,D,65072,93417,0,0,1.0
valid_x,Df,7226,9791,589,4,0.9663259511641114
valid_x,D,7230,10380,0,0,1.0
test_x,Df,8028,10878,655,5,0.9662680159460288
test_x,D,8033,11533,0,0,1.0
