dataset,variable,TP,TN,FP,FN,accuracy
train_x,Df,3946,3055,598,501,0.864320987654321
train_x,D,3946,3055,598,501,0.864320987654321
valid_x,Df,446,335,57,62,0.8677777777777778
valid_x,D,446,335,57,62,0.8677777777777778
test_x,Df,493,374,81,52,0.867
test_x,D,493,374,81,52,0.867
