dataset,variable,TP,TN,FP,FN,accuracy
train_x,Df,3870,3724,274,232,0.9375308641975308
train_x,D,4102,3998,0,0,1.0
valid_x,Df,419,425,33,23,0.9377777777777778
valid_x,D,442,458,0,0,1.0
test_x,Df,456,470,38,36,0.926
test_x,D,492,508,0,0,1.0
