dataset,variable,TP,TN,FP,FN,accuracy
train_x,Df,4032,3867,112,89,0.9751851851851852
train_x,D,3830,3707,272,291,0.9304938271604938
valid_x,Df,432,436,20,12,0.9644444444444444
valid_x,D,407,421,35,37,0.92
test_x,Df,479,485,15,21,0.964
test_x,D,458,466,34,42,0.924
