dataset,variable,TP,TN,FP,FN,accuracy
train_x,Df,42285,73258,15665,27281,0.7290285130198311
train_x,D,42285,73258,15665,27281,0.7290285130198311
valid_x,Df,4688,8185,1704,3033,0.7310051107325384
valid_x,D,4688,8185,1704,3033,0.7310051107325384
test_x,Df,5253,8990,1958,3365,0.7279464376980477
test_x,D,5253,8990,1958,3365,0.7279464376980477
