dataset,variable,TP,TN,FP,FN,accuracy
train_x,Df,6528,19663,183,0,0.9930613482975658
train_x,D,6528,19846,0,0,1.0
valid_x,Df,730,2184,16,1,0.9941999317639031
valid_x,D,731,2200,0,0,1.0
test_x,Df,835,2400,21,0,0.9935503685503686
test_x,D,835,2421,0,0,1.0
