,accuracy,f1_score,precision,recall,FNR,FPR,cross_entropy,FNR_diff,FPR_diff,equalized_odds,Equal_Opportunity,experiment,fold,eval_type,stage,WEOp,expected_acc,WEQ
0,0.613,0.7101123595505617,0.5669856459330144,0.9498997995991983,0.050100200400801605,0.7225548902195609,0.23220430548758167,0.02969649398220827,0.032372198950750386,0.032372198950750386,0.029696493982208194,reweight,3,ground,proxy,-0.04014956050149898,0.6327433850273082,0.04014956050149898
0,0.68,0.7377049180327868,0.624133148404993,0.9018036072144289,0.09819639278557114,0.5409181636726547,0.15321355228763558,0.006354190027659412,0.0358290292407174,0.0358290292407174,0.006354190027659357,reduction,3,ground,proxy,-0.05797668700638936,0.6923087864955014,0.05797668700638936
0,0.614,0.6767169179229482,0.581294964028777,0.8096192384769539,0.1903807615230461,0.5808383233532934,0.13447055302862934,0.47841444270015704,0.45672861848794183,0.4784144427001569,0.4784144427001569,LR,3,ground,proxy,0.4316046180294085,0.6278501201127947,0.4799334759774439
