dataset,variable,TP,TN,FP,FN,accuracy
train_x,Df,3124,3044,1465,467,0.7614814814814815
train_x,D,3124,3044,1465,467,0.7614814814814815
valid_x,Df,362,325,167,46,0.7633333333333333
valid_x,D,362,325,167,46,0.7633333333333333
test_x,Df,409,348,180,63,0.757
test_x,D,409,348,180,63,0.757
