dataset,variable,TP,TN,FP,FN,accuracy
train_x,Df,3695,2448,894,1063,0.7583950617283951
train_x,D,3695,2448,894,1063,0.7583950617283951
valid_x,Df,412,254,117,117,0.74
valid_x,D,412,254,117,117,0.74
test_x,Df,475,298,114,113,0.773
test_x,D,475,298,114,113,0.773
