dataset,variable,TP,TN,FP,FN,accuracy
train_x,Df,3620,2458,841,1181,0.7503703703703704
train_x,D,3620,2458,841,1181,0.7503703703703704
valid_x,Df,404,269,97,130,0.7477777777777778
valid_x,D,404,269,97,130,0.7477777777777778
test_x,Df,427,292,115,166,0.719
test_x,D,427,292,115,166,0.719
