dataset,variable,TP,TN,FP,FN,accuracy
train_x,Df,3853,3460,608,179,0.9028395061728395
train_x,D,3853,3460,608,179,0.9028395061728395
valid_x,Df,429,384,72,15,0.9033333333333333
valid_x,D,429,384,72,15,0.9033333333333333
test_x,Df,458,432,84,26,0.89
test_x,D,458,432,84,26,0.89
