dataset,variable,TP,TN,FP,FN,accuracy
train_x,Df,31675,2342,3293,2246,0.8599706744868035
train_x,D,31675,2342,3293,2246,0.8599706744868035
valid_x,Df,3503,250,385,257,0.8539249146757679
valid_x,D,3503,250,385,257,0.8539249146757679
test_x,Df,3878,281,403,321,0.8517304935490477
test_x,D,3878,281,403,321,0.8517304935490477
