dataset,variable,TP,TN,FP,FN,accuracy
train_x,Df,6180,19292,517,384,0.965836271944792
train_x,D,6564,19809,0,0,1.0
valid_x,Df,688,2153,49,41,0.9692937563971341
valid_x,D,729,2202,0,0,1.0
test_x,Df,758,2393,63,43,0.9674547129260055
test_x,D,801,2456,0,0,1.0
