dataset,variable,TP,TN,FP,FN,accuracy
train_x,Df,3881,3512,345,362,0.912716049382716
train_x,D,3881,3512,345,362,0.912716049382716
valid_x,Df,416,386,53,45,0.8911111111111111
valid_x,D,416,386,53,45,0.8911111111111111
test_x,Df,477,435,47,41,0.912
test_x,D,477,435,47,41,0.912
