dataset,variable,TP,TN,FP,FN,accuracy
train_x,Df,3870,3623,356,251,0.9250617283950617
train_x,D,3870,3623,356,251,0.9250617283950617
valid_x,Df,416,403,53,28,0.91
valid_x,D,416,403,53,28,0.91
test_x,Df,475,451,49,25,0.926
test_x,D,475,451,49,25,0.926
