dataset,variable,TP,TN,FP,FN,accuracy
train_x,Df,2964,3598,883,655,0.8101234567901234
train_x,D,2964,3598,883,655,0.8101234567901234
valid_x,Df,316,402,91,91,0.7977777777777778
valid_x,D,316,402,91,91,0.7977777777777778
test_x,Df,357,437,118,88,0.794
test_x,D,357,437,118,88,0.794
