dataset,variable,TP,TN,FP,FN,accuracy
train_x,Df,3617,3751,230,502,0.9096296296296297
train_x,D,3617,3751,230,502,0.9096296296296297
valid_x,Df,381,435,26,58,0.9066666666666666
valid_x,D,381,435,26,58,0.9066666666666666
test_x,Df,441,459,34,66,0.9
test_x,D,441,459,34,66,0.9
