dataset,variable,TP,TN,FP,FN,accuracy
train_x,Df,3618,3464,565,453,0.874320987654321
train_x,D,3400,2670,1359,671,0.7493827160493827
valid_x,Df,406,401,43,50,0.8966666666666666
valid_x,D,385,300,144,71,0.7611111111111111
test_x,Df,455,433,58,54,0.888
test_x,D,422,326,165,87,0.748
