dataset,variable,TP,TN,FP,FN,accuracy
train_x,Df,3917,2946,703,534,0.8472839506172839
train_x,D,3917,2946,703,534,0.8472839506172839
valid_x,Df,428,336,79,57,0.8488888888888889
valid_x,D,428,336,79,57,0.8488888888888889
test_x,Df,497,340,96,67,0.837
test_x,D,497,340,96,67,0.837
