dataset,variable,TP,TN,FP,FN,accuracy
train_x,Df,7030,18770,465,109,0.9782361416546599
train_x,D,7139,19235,0,0,1.0
valid_x,Df,773,2087,53,18,0.9757761856021836
valid_x,D,791,2140,0,0,1.0
test_x,Df,869,2304,66,17,0.9745085995085995
test_x,D,886,2370,0,0,1.0
