dataset,variable,TP,TN,FP,FN,accuracy
train_x,Df,33078,1725,3208,1544,0.879863481228669
train_x,D,33078,1725,3208,1544,0.879863481228669
valid_x,Df,3666,186,362,181,0.8764505119453925
valid_x,D,3666,186,362,181,0.8764505119453925
test_x,Df,4075,229,380,200,0.8812448812448812
test_x,D,4075,229,380,200,0.8812448812448812
