,accuracy,f1_score,precision,recall,FNR,FPR,cross_entropy,FNR_diff,FPR_diff,equalized_odds,Equal_Opportunity,experiment,fold,eval_type,stage,WEOp,expected_acc,WEQ
0,0.589,0.6912096168294515,0.5450236966824644,0.944558521560575,0.055441478439425054,0.7485380116959064,0.22943171676534188,0.09417815019260554,0.05484489926447078,0.09417815019260556,0.09417815019260556,reweight,4,ground,proxy,0.090819548699822,0.5990824065809429,0.090819548699822
0,0.643,0.7052023121387283,0.5897790055248618,0.8767967145790554,0.12320328542094455,0.5789473684210527,0.1412641670515777,0.19961478892816015,0.16453469779341223,0.1996147889281601,0.1996147889281601,reduction,4,ground,proxy,0.21811352614847646,0.649644089684618,0.21811352614847646
0,0.587,0.6502963590177816,0.553314121037464,0.7885010266940452,0.21149897330595482,0.6042884990253411,0.1254596396813501,0.5849052857313053,0.5202537042959172,0.5849052857313053,0.5849052857313053,LR,4,ground,proxy,0.5723507030466111,0.5933053158622642,0.5723507030466111
