dataset,variable,TP,TN,FP,FN,accuracy
train_x,Df,6332,19303,720,19,0.9719799802836127
train_x,D,6351,20023,0,0,1.0
valid_x,Df,705,2152,73,1,0.9747526441487547
valid_x,D,706,2225,0,0,1.0
test_x,Df,782,2384,88,2,0.9723587223587223
test_x,D,784,2472,0,0,1.0
