dataset,variable,TP,TN,FP,FN,accuracy
train_x,Df,5203,19173,105,1893,0.9242435732160461
train_x,D,7096,19278,0,0,1.0
valid_x,Df,562,2144,12,213,0.9232343909928352
valid_x,D,775,2156,0,0,1.0
test_x,Df,627,2380,20,229,0.9235257985257985
test_x,D,856,2400,0,0,1.0
