dataset,variable,TP,TN,FP,FN,accuracy
train_x,Df,35059,803,3034,659,0.9066363291619264
train_x,D,35059,803,3034,659,0.9066363291619264
valid_x,Df,3897,74,349,75,0.9035267349260523
valid_x,D,3897,74,349,75,0.9035267349260523
test_x,Df,4309,101,377,97,0.902948402948403
test_x,D,4309,101,377,97,0.902948402948403
