dataset,variable,TP,TN,FP,FN,accuracy
train_x,Df,33955,4890,711,0,0.9820254828597431
train_x,D,33955,5601,0,0,1.0
valid_x,Df,3757,553,85,0,0.9806598407281001
valid_x,D,3757,638,0,0,1.0
test_x,Df,4168,612,103,0,0.9789064099938563
test_x,D,4168,715,0,0,1.0
