dataset,variable,TP,TN,FP,FN,accuracy
train_x,Df,3952,3784,195,169,0.9550617283950618
train_x,D,3283,3142,837,838,0.7932098765432098
valid_x,Df,429,424,32,15,0.9477777777777778
valid_x,D,350,370,86,94,0.8
test_x,Df,480,468,32,20,0.948
test_x,D,393,392,108,107,0.785
