dataset,variable,TP,TN,FP,FN,accuracy
train_x,Df,3313,3146,834,807,0.7974074074074075
train_x,D,4120,3980,0,0,1.0
valid_x,Df,360,363,101,76,0.8033333333333333
valid_x,D,436,464,0,0,1.0
test_x,Df,402,389,110,99,0.791
test_x,D,501,499,0,0,1.0
