dataset,variable,TP,TN,FP,FN,accuracy
train_x,Df,62232,77798,10011,8447,0.8835369239311494
train_x,D,70679,87809,0,0,1.0
valid_x,Df,6896,8601,1184,929,0.8800113571834185
valid_x,D,7825,9785,0,0,1.0
test_x,Df,7688,9577,1227,1075,0.8823529411764706
test_x,D,8763,10804,0,0,1.0
