dataset,variable,TP,TN,FP,FN,accuracy
train_x,Df,38730,77415,14043,28301,0.732826883884686
train_x,D,38730,77415,14043,28301,0.732826883884686
valid_x,Df,4336,8634,1539,3101,0.7365133446905168
valid_x,D,4336,8634,1539,3101,0.7365133446905168
test_x,Df,4742,9561,1704,3559,0.7310129817029541
test_x,D,4742,9561,1704,3559,0.7310129817029541
