dataset,variable,TP,TN,FP,FN,accuracy
train_x,Df,34437,4569,5,545,0.9860956618464961
train_x,D,34982,4574,0,0,1.0
valid_x,Df,3804,507,0,84,0.9808873720136518
valid_x,D,3888,507,0,0,1.0
test_x,Df,4260,569,1,53,0.9889412246569732
test_x,D,4313,570,0,0,1.0
