dataset,variable,TP,TN,FP,FN,accuracy
train_x,Df,3863,3631,271,335,0.9251851851851852
train_x,D,3535,2679,1223,663,0.7671604938271605
valid_x,Df,440,390,26,44,0.9222222222222223
valid_x,D,404,291,125,80,0.7722222222222223
test_x,Df,507,439,21,33,0.946
test_x,D,470,342,118,70,0.812
