dataset,variable,TP,TN,FP,FN,accuracy
train_x,Df,28290,2386,4765,4115,0.7755081403579736
train_x,D,28290,2386,4765,4115,0.7755081403579736
valid_x,Df,3102,280,565,448,0.7695108077360637
valid_x,D,3102,280,565,448,0.7695108077360637
test_x,Df,3422,283,651,527,0.7587548638132295
test_x,D,3422,283,651,527,0.7587548638132295
