dataset,variable,TP,TN,FP,FN,accuracy
train_x,Df,3674,2455,886,1085,0.7566666666666667
train_x,D,3674,2455,886,1085,0.7566666666666667
valid_x,Df,395,268,103,134,0.7366666666666667
valid_x,D,395,268,103,134,0.7366666666666667
test_x,Df,449,295,118,138,0.744
test_x,D,449,295,118,138,0.744
