dataset,variable,TP,TN,FP,FN,accuracy
train_x,Df,3910,3352,650,188,0.8965432098765432
train_x,D,3910,3352,650,188,0.8965432098765432
valid_x,Df,428,370,70,32,0.8866666666666667
valid_x,D,428,370,70,32,0.8866666666666667
test_x,Df,489,415,78,18,0.904
test_x,D,489,415,78,18,0.904
