dataset,variable,TP,TN,FP,FN,accuracy
train_x,Df,3159,3409,1049,483,0.8108641975308643
train_x,D,2864,2564,1894,778,0.6701234567901234
valid_x,Df,330,382,131,57,0.7911111111111111
valid_x,D,304,288,225,83,0.6577777777777778
test_x,Df,382,424,134,60,0.806
test_x,D,347,317,241,95,0.664
