dataset,variable,TP,TN,FP,FN,accuracy
train_x,Df,3921,3286,378,515,0.889753086419753
train_x,D,3921,3286,378,515,0.889753086419753
valid_x,Df,452,350,46,52,0.8911111111111111
valid_x,D,452,350,46,52,0.8911111111111111
test_x,Df,484,389,51,76,0.873
test_x,D,484,389,51,76,0.873
