dataset,variable,TP,TN,FP,FN,accuracy
train_x,Df,3859,3576,440,225,0.9179012345679012
train_x,D,3859,3576,440,225,0.9179012345679012
valid_x,Df,443,375,55,27,0.9088888888888889
valid_x,D,443,375,55,27,0.9088888888888889
test_x,Df,478,432,57,33,0.91
test_x,D,478,432,57,33,0.91
