,accuracy,f1_score,precision,recall,FNR,FPR,cross_entropy,FNR_diff,FPR_diff,equalized_odds,Equal_Opportunity,experiment,fold,eval_type,stage,WEOp,expected_acc,WEQ
0,0.803,0.7983623336745138,0.8041237113402062,0.7926829268292683,0.2073170731707317,0.18700787401574803,-0.01594238515287874,0.06728496090198216,0.011587464633904615,0.06728496090198222,0.06728496090198222,reweight,1,ground,ground,0.09413830014114677,0.8026035942882843,0.09413830014114677
0,0.805,0.8008171603677221,0.8049281314168378,0.7967479674796748,0.2032520325203252,0.18700787401574803,-0.015537129829822936,0.04315936230829848,0.0024328269449100104,0.04315936230829853,0.04315936230829853,reduction,1,ground,ground,0.07224736862294778,0.8044246233855917,0.07224736862294778
0,0.814,0.8082474226804124,0.8200836820083682,0.7967479674796748,0.2032520325203252,0.16929133858267717,-0.02079441541679836,0.1624537794750561,0.10145789407291272,0.16245377947505613,0.16245377947505613,LR,1,ground,ground,0.16809317776861732,0.8162656807498677,0.16809317776861732
