dataset,variable,TP,TN,FP,FN,accuracy
train_x,Df,2380,17548,1759,4687,0.755592629104421
train_x,D,2380,17548,1759,4687,0.755592629104421
valid_x,Df,286,1969,203,473,0.7693619924940294
valid_x,D,286,1969,203,473,0.7693619924940294
test_x,Df,289,2120,235,612,0.7398648648648649
test_x,D,289,2120,235,612,0.7398648648648649
