dataset,variable,TP,TN,FP,FN,accuracy
train_x,Df,28032,3617,4486,3421,0.8001061785822631
train_x,D,28032,3617,4486,3421,0.8001061785822631
valid_x,Df,3114,399,490,392,0.7993174061433447
valid_x,D,3114,399,490,392,0.7993174061433447
test_x,Df,3441,459,539,444,0.7986893303297153
test_x,D,3441,459,539,444,0.7986893303297153
