dataset,variable,TP,TN,FP,FN,accuracy
train_x,Df,6166,18834,459,915,0.9479032380374611
train_x,D,7081,19293,0,0,1.0
valid_x,Df,696,2081,44,110,0.9474582053906516
valid_x,D,806,2125,0,0,1.0
test_x,Df,743,2321,59,133,0.941031941031941
test_x,D,876,2380,0,0,1.0
