dataset,variable,TP,TN,FP,FN,accuracy
train_x,Df,6167,18799,478,930,0.9466140896337302
train_x,D,7097,19277,0,0,1.0
valid_x,Df,683,2097,48,103,0.9484817468440805
valid_x,D,786,2145,0,0,1.0
test_x,Df,749,2309,67,131,0.9391891891891891
test_x,D,880,2376,0,0,1.0
