dataset,variable,TP,TN,FP,FN,accuracy
train_x,Df,33773,4925,8,849,0.9783339653646821
train_x,D,34622,4933,0,0,1.0
valid_x,Df,3758,547,1,89,0.9795221843003413
valid_x,D,3847,548,0,0,1.0
test_x,Df,4179,608,1,96,0.9801392301392301
test_x,D,4275,609,0,0,1.0
