dataset,variable,TP,TN,FP,FN,accuracy
train_x,Df,3222,18682,1341,3129,0.8305149010389019
train_x,D,3222,18682,1341,3129,0.8305149010389019
valid_x,Df,373,2075,150,333,0.8352098259979529
valid_x,D,373,2075,150,333,0.8352098259979529
test_x,Df,403,2317,155,381,0.8353808353808354
test_x,D,403,2317,155,381,0.8353808353808354
