dataset,variable,TP,TN,FP,FN,accuracy
train_x,Df,39726,79506,13911,25346,0.7523045763428376
train_x,D,39726,79506,13911,25346,0.7523045763428376
valid_x,Df,4410,8850,1530,2820,0.7529812606473595
valid_x,D,4410,8850,1530,2820,0.7529812606473595
test_x,Df,4960,9776,1757,3073,0.7531432076050292
test_x,D,4960,9776,1757,3073,0.7531432076050292
