dataset,variable,TP,TN,FP,FN,accuracy
train_x,Df,65020,87873,5544,52,0.9646915558808498
train_x,D,65072,93417,0,0,1.0
valid_x,Df,7225,9750,630,5,0.9639409426462238
valid_x,D,7230,10380,0,0,1.0
test_x,Df,8027,10844,689,6,0.9644791986098333
test_x,D,8033,11533,0,0,1.0
