dataset,variable,TP,TN,FP,FN,accuracy
train_x,Df,3680,3236,925,259,0.8538271604938271
train_x,D,3680,3236,925,259,0.8538271604938271
valid_x,Df,400,358,110,32,0.8422222222222222
valid_x,D,400,358,110,32,0.8422222222222222
test_x,Df,443,402,120,35,0.845
test_x,D,443,402,120,35,0.845
