dataset,variable,TP,TN,FP,FN,accuracy
train_x,Df,5958,18821,460,1134,0.9395593978690328
train_x,D,7092,19281,0,0,1.0
valid_x,Df,652,2095,45,139,0.9372227908563631
valid_x,D,791,2140,0,0,1.0
test_x,Df,750,2310,67,130,0.9395148910039914
test_x,D,880,2377,0,0,1.0
