dataset,variable,TP,TN,FP,FN,accuracy
train_x,Df,34140,958,3598,860,0.8872990191121448
train_x,D,34140,958,3598,860,0.8872990191121448
valid_x,Df,3765,111,405,114,0.8819112627986349
valid_x,D,3765,111,405,114,0.8819112627986349
test_x,Df,4191,127,452,113,0.8842924431701823
test_x,D,4191,127,452,113,0.8842924431701823
