dataset,variable,TP,TN,FP,FN,accuracy
train_x,Df,3897,3418,235,550,0.9030864197530865
train_x,D,3578,2472,1181,869,0.7469135802469136
valid_x,Df,442,369,23,66,0.9011111111111111
valid_x,D,419,282,110,89,0.7788888888888889
test_x,Df,481,425,30,64,0.906
test_x,D,438,306,149,107,0.744
