dataset,variable,TP,TN,FP,FN,accuracy
train_x,Df,7013,18814,418,129,0.9792598771517403
train_x,D,7142,19232,0,0,1.0
valid_x,Df,788,2071,62,10,0.9754350051177073
valid_x,D,798,2133,0,0,1.0
test_x,Df,854,2331,49,22,0.9781941031941032
test_x,D,876,2380,0,0,1.0
