dataset,variable,TP,TN,FP,FN,accuracy
train_x,Df,55756,55332,24558,22843,0.7009193067026733
train_x,D,55756,55332,24558,22843,0.7009193067026733
valid_x,Df,6136,6220,2680,2574,0.7016467915956842
valid_x,D,6136,6220,2680,2574,0.7016467915956842
test_x,Df,6921,6763,3092,2790,0.699376469385669
test_x,D,6921,6763,3092,2790,0.699376469385669
