dataset,variable,TP,TN,FP,FN,accuracy
train_x,Df,3945,3837,128,190,0.9607407407407408
train_x,D,3285,3604,361,850,0.8504938271604938
valid_x,Df,429,438,16,17,0.9633333333333334
valid_x,D,351,406,48,95,0.8411111111111111
test_x,Df,458,497,19,26,0.955
test_x,D,392,482,34,92,0.874
