dataset,variable,TP,TN,FP,FN,accuracy
train_x,Df,3313,3694,760,333,0.8650617283950617
train_x,D,3646,4454,0,0,1.0
valid_x,Df,355,411,90,44,0.8511111111111112
valid_x,D,399,501,0,0,1.0
test_x,Df,388,485,89,38,0.873
test_x,D,426,574,0,0,1.0
