dataset,variable,TP,TN,FP,FN,accuracy
train_x,Df,3896,3402,240,562,0.9009876543209877
train_x,D,3594,2477,1165,864,0.7495061728395062
valid_x,Df,430,384,26,60,0.9044444444444445
valid_x,D,403,284,126,87,0.7633333333333333
test_x,Df,489,420,28,63,0.909
test_x,D,438,299,149,114,0.737
