dataset,variable,TP,TN,FP,FN,accuracy
train_x,Df,33776,4923,10,846,0.9783592466186323
train_x,D,34622,4933,0,0,1.0
valid_x,Df,3753,547,1,94,0.9783845278725825
valid_x,D,3847,548,0,0,1.0
test_x,Df,4173,608,1,102,0.9789107289107289
test_x,D,4275,609,0,0,1.0
