dataset,variable,TP,TN,FP,FN,accuracy
train_x,Df,35057,755,3102,642,0.9053493780968753
train_x,D,35057,755,3102,642,0.9053493780968753
valid_x,Df,3908,88,323,76,0.9092150170648464
valid_x,D,3908,88,323,76,0.9092150170648464
test_x,Df,4342,102,368,71,0.9100962523039116
test_x,D,4342,102,368,71,0.9100962523039116
