dataset,variable,TP,TN,FP,FN,accuracy
train_x,Df,65037,84635,6644,2172,0.9443743374892737
train_x,D,67209,91279,0,0,1.0
valid_x,Df,7212,9430,737,231,0.9450312322544009
valid_x,D,7443,10167,0,0,1.0
test_x,Df,8044,10444,777,302,0.9448561353298922
test_x,D,8346,11221,0,0,1.0
