dataset,variable,TP,TN,FP,FN,accuracy
train_x,Df,3179,2976,1037,908,0.7598765432098765
train_x,D,3179,2976,1037,908,0.7598765432098765
valid_x,Df,333,337,109,121,0.7444444444444445
valid_x,D,333,337,109,121,0.7444444444444445
test_x,Df,377,349,135,139,0.726
test_x,D,377,349,135,139,0.726
