dataset,variable,TP,TN,FP,FN,accuracy
train_x,Df,3696,3473,520,411,0.8850617283950617
train_x,D,3696,3473,520,411,0.8850617283950617
valid_x,Df,392,400,50,58,0.88
valid_x,D,392,400,50,58,0.88
test_x,Df,449,429,63,59,0.878
test_x,D,449,429,63,59,0.878
