dataset,variable,TP,TN,FP,FN,accuracy
train_x,Df,3646,3110,943,401,0.8340740740740741
train_x,D,3646,3110,943,401,0.8340740740740741
valid_x,Df,419,328,110,43,0.83
valid_x,D,419,328,110,43,0.83
test_x,Df,489,373,100,38,0.862
test_x,D,489,373,100,38,0.862
