,accuracy,f1_score,precision,recall,FNR,FPR,cross_entropy,FNR_diff,FPR_diff,equalized_odds,Equal_Opportunity,experiment,fold,eval_type,stage,WEOp,expected_acc,WEQ
0,0.62,0.7201767304860088,0.578698224852071,0.9532163742690059,0.04678362573099415,0.731006160164271,0.2481466906404604,0.05190367136620625,0.0036660359508041696,0.05190367136620622,0.05190367136620622,reweight,5,ground,proxy,0.03922036543235752,0.6098798791289519,0.03922036543235752
0,0.65,0.717741935483871,0.6121045392022009,0.8674463937621832,0.13255360623781676,0.5790554414784395,0.16813311025540345,0.21283904673298504,0.023395616524755636,0.21283904673298504,0.21283904673298504,reduction,5,ground,proxy,0.17251852267967904,0.6452711949041186,0.17251852267967904
0,0.605,0.6780766096169518,0.5826330532212886,0.8109161793372319,0.18908382066276802,0.6119096509240246,0.15734440998710758,0.5352286552637229,0.46456165247555975,0.5352286552637229,0.5352286552637229,LR,5,ground,proxy,0.5178025356234142,0.59527041422396,0.5178025356234142
