dataset,variable,TP,TN,FP,FN,accuracy
train_x,Df,34392,4574,9,581,0.985084437253514
train_x,D,34973,4583,0,0,1.0
valid_x,Df,3809,510,1,75,0.982707622298066
valid_x,D,3884,511,0,0,1.0
test_x,Df,4236,555,2,90,0.981159123489658
test_x,D,4326,557,0,0,1.0
