dataset,variable,TP,TN,FP,FN,accuracy
train_x,Df,32311,3950,3294,0,0.9167235494880546
train_x,D,32311,7244,0,0,1.0
valid_x,Df,3578,427,390,0,0.9112627986348123
valid_x,D,3578,817,0,0,1.0
test_x,Df,4015,482,387,0,0.9207616707616708
test_x,D,4015,869,0,0,1.0
