dataset,variable,TP,TN,FP,FN,accuracy
train_x,Df,3794,2806,494,1006,0.8148148148148148
train_x,D,4800,3300,0,0,1.0
valid_x,Df,437,306,61,96,0.8255555555555556
valid_x,D,533,367,0,0,1.0
test_x,Df,452,331,76,141,0.783
test_x,D,593,407,0,0,1.0
