dataset,variable,TP,TN,FP,FN,accuracy
train_x,Df,3744,3511,544,301,0.895679012345679
train_x,D,3528,2783,1272,517,0.7791358024691358
valid_x,Df,449,372,49,30,0.9122222222222223
valid_x,D,411,299,122,68,0.7888888888888889
test_x,Df,465,438,63,34,0.903
test_x,D,426,334,167,73,0.76
