dataset,variable,TP,TN,FP,FN,accuracy
train_x,Df,3628,3741,257,474,0.909753086419753
train_x,D,3628,3741,257,474,0.909753086419753
valid_x,Df,391,414,28,67,0.8944444444444445
valid_x,D,391,414,28,67,0.8944444444444445
test_x,Df,434,467,28,71,0.901
test_x,D,434,467,28,71,0.901
