dataset,variable,TP,TN,FP,FN,accuracy
train_x,Df,2985,3570,900,645,0.8092592592592592
train_x,D,2985,3570,900,645,0.8092592592592592
valid_x,Df,326,408,93,73,0.8155555555555556
valid_x,D,326,408,93,73,0.8155555555555556
test_x,Df,351,447,111,91,0.798
test_x,D,351,447,111,91,0.798
