dataset,variable,TP,TN,FP,FN,accuracy
train_x,Df,6237,19456,378,303,0.9741791157958596
train_x,D,6540,19834,0,0,1.0
valid_x,Df,704,2151,38,38,0.9740702831798022
valid_x,D,742,2189,0,0,1.0
test_x,Df,783,2391,53,29,0.9748157248157249
test_x,D,812,2444,0,0,1.0
