dataset,variable,TP,TN,FP,FN,accuracy
train_x,Df,3231,2753,1246,870,0.7387654320987654
train_x,D,3231,2753,1246,870,0.7387654320987654
valid_x,Df,362,290,144,104,0.7244444444444444
valid_x,D,362,290,144,104,0.7244444444444444
test_x,Df,386,342,168,104,0.728
test_x,D,386,342,168,104,0.728
