dataset,variable,TP,TN,FP,FN,accuracy
train_x,Df,67180,87129,4171,9,0.9736259298752595
train_x,D,67189,91300,0,0,1.0
valid_x,Df,7482,9643,483,2,0.9724588302101079
valid_x,D,7484,10126,0,0,1.0
test_x,Df,8323,10765,476,2,0.9755698660942451
test_x,D,8325,11241,0,0,1.0
