dataset,variable,TP,TN,FP,FN,accuracy
train_x,Df,39383,80030,13387,25688,0.7534513654030589
train_x,D,39383,80030,13387,25688,0.7534513654030589
valid_x,Df,4420,8906,1474,2810,0.7567291311754685
valid_x,D,4420,8906,1474,2810,0.7567291311754685
test_x,Df,4812,9913,1620,3222,0.7525425461235754
test_x,D,4812,9913,1620,3222,0.7525425461235754
