dataset,variable,TP,TN,FP,FN,accuracy
train_x,Df,3921,3074,590,515,0.8635802469135803
train_x,D,3921,3074,590,515,0.8635802469135803
valid_x,Df,445,324,72,59,0.8544444444444445
valid_x,D,445,324,72,59,0.8544444444444445
test_x,Df,492,358,82,68,0.85
test_x,D,492,358,82,68,0.85
