dataset,variable,TP,TN,FP,FN,accuracy
train_x,Df,3918,3516,323,343,0.9177777777777778
train_x,D,3918,3516,323,343,0.9177777777777778
valid_x,Df,415,404,38,43,0.91
valid_x,D,415,404,38,43,0.91
test_x,Df,450,440,57,53,0.89
test_x,D,450,440,57,53,0.89
