dataset,variable,TP,TN,FP,FN,accuracy
train_x,Df,3909,3633,332,226,0.9311111111111111
train_x,D,3909,3633,332,226,0.9311111111111111
valid_x,Df,414,415,39,32,0.9211111111111111
valid_x,D,414,415,39,32,0.9211111111111111
test_x,Df,448,457,59,36,0.905
test_x,D,448,457,59,36,0.905
