dataset,variable,TP,TN,FP,FN,accuracy
train_x,Df,3586,3524,501,489,0.8777777777777778
train_x,D,3407,2673,1352,668,0.7506172839506173
valid_x,Df,411,385,55,49,0.8844444444444445
valid_x,D,378,289,151,82,0.7411111111111112
test_x,Df,437,434,65,64,0.871
test_x,D,422,334,165,79,0.756
