dataset,variable,TP,TN,FP,FN,accuracy
train_x,Df,3108,2996,1003,993,0.7535802469135803
train_x,D,3108,2996,1003,993,0.7535802469135803
valid_x,Df,349,307,127,117,0.7288888888888889
valid_x,D,349,307,127,117,0.7288888888888889
test_x,Df,357,366,144,133,0.723
test_x,D,357,366,144,133,0.723
