dataset,variable,TP,TN,FP,FN,accuracy
train_x,Df,3671,3558,440,431,0.8924691358024691
train_x,D,3671,3558,440,431,0.8924691358024691
valid_x,Df,408,374,68,50,0.8688888888888889
valid_x,D,408,374,68,50,0.8688888888888889
test_x,Df,432,426,69,73,0.858
test_x,D,432,426,69,73,0.858
