dataset,variable,TP,TN,FP,FN,accuracy
train_x,Df,35574,3830,7,144,0.9961825306535204
train_x,D,35718,3837,0,0,1.0
valid_x,Df,3959,423,0,13,0.9970420932878271
valid_x,D,3972,423,0,0,1.0
test_x,Df,4384,478,0,22,0.9954954954954955
test_x,D,4406,478,0,0,1.0
