dataset,variable,TP,TN,FP,FN,accuracy
train_x,Df,3716,3109,889,386,0.8425925925925926
train_x,D,3716,3109,889,386,0.8425925925925926
valid_x,Df,397,345,113,45,0.8244444444444444
valid_x,D,397,345,113,45,0.8244444444444444
test_x,Df,442,387,121,50,0.829
test_x,D,442,387,121,50,0.829
