dataset,variable,TP,TN,FP,FN,accuracy
train_x,Df,3657,2394,948,1101,0.747037037037037
train_x,D,3657,2394,948,1101,0.747037037037037
valid_x,Df,406,267,104,123,0.7477777777777778
valid_x,D,406,267,104,123,0.7477777777777778
test_x,Df,447,296,116,141,0.743
test_x,D,447,296,116,141,0.743
