dataset,variable,TP,TN,FP,FN,accuracy
train_x,Df,4152,3839,0,109,0.9865432098765432
train_x,D,4261,3839,0,0,1.0
valid_x,Df,448,441,1,10,0.9877777777777778
valid_x,D,458,442,0,0,1.0
test_x,Df,484,497,0,19,0.981
test_x,D,503,497,0,0,1.0
