dataset,variable,TP,TN,FP,FN,accuracy
train_x,Df,4122,3935,30,13,0.9946913580246913
train_x,D,4135,3839,126,0,0.9844444444444445
valid_x,Df,446,451,3,0,0.9966666666666667
valid_x,D,446,442,12,0,0.9866666666666667
test_x,Df,480,512,4,4,0.992
test_x,D,484,497,19,0,0.981
