dataset,variable,TP,TN,FP,FN,accuracy
train_x,Df,4103,3952,27,18,0.9944444444444445
train_x,D,4121,3857,122,0,0.9849382716049383
valid_x,Df,443,453,3,1,0.9955555555555555
valid_x,D,444,439,17,0,0.9811111111111112
test_x,Df,500,493,7,0,0.993
test_x,D,500,482,18,0,0.982
