dataset,variable,TP,TN,FP,FN,accuracy
train_x,Df,4129,3856,1,114,0.9858024691358025
train_x,D,4243,3857,0,0,1.0
valid_x,Df,446,439,0,15,0.9833333333333333
valid_x,D,461,439,0,0,1.0
test_x,Df,507,482,0,11,0.989
test_x,D,518,482,0,0,1.0
