dataset,variable,TP,TN,FP,FN,accuracy
train_x,Df,32202,1703,3938,1712,0.857160915181393
train_x,D,32202,1703,3938,1712,0.857160915181393
valid_x,Df,3580,206,410,199,0.8614334470989761
valid_x,D,3580,206,410,199,0.8614334470989761
test_x,Df,3959,200,497,228,0.8515561015561015
test_x,D,3959,200,497,228,0.8515561015561015
