dataset,variable,TP,TN,FP,FN,accuracy
train_x,Df,65526,84347,7100,1515,0.9456425723083136
train_x,D,67041,91447,0,0,1.0
valid_x,Df,7322,9350,779,159,0.9467348097671777
valid_x,D,7481,10129,0,0,1.0
test_x,Df,8060,10399,921,187,0.9433740481422803
test_x,D,8247,11320,0,0,1.0
