dataset,variable,TP,TN,FP,FN,accuracy
train_x,Df,33538,5118,899,0,0.9772721526987739
train_x,D,33538,6017,0,0,1.0
valid_x,Df,3734,562,99,0,0.9774744027303754
valid_x,D,3734,661,0,0,1.0
test_x,Df,4150,621,113,0,0.9768632268632269
test_x,D,4150,734,0,0,1.0
