dataset,variable,TP,TN,FP,FN,accuracy
train_x,Df,3997,3963,53,87,0.9827160493827161
train_x,D,3796,3893,123,288,0.9492592592592592
valid_x,Df,458,422,8,12,0.9777777777777777
valid_x,D,431,419,11,39,0.9444444444444444
test_x,Df,492,483,6,19,0.975
test_x,D,477,478,11,34,0.955
