dataset,variable,TP,TN,FP,FN,accuracy
train_x,Df,3812,3943,238,107,0.9574074074074074
train_x,D,3919,4181,0,0,1.0
valid_x,Df,433,425,33,9,0.9533333333333334
valid_x,D,442,458,0,0,1.0
test_x,Df,479,493,19,9,0.972
test_x,D,488,512,0,0,1.0
