dataset,variable,TP,TN,FP,FN,accuracy
train_x,Df,3443,17752,131,5048,0.8036323652081595
train_x,D,8491,17883,0,0,1.0
valid_x,Df,366,1985,16,564,0.802115319003753
valid_x,D,930,2001,0,0,1.0
test_x,Df,414,2221,17,604,0.8092751842751843
test_x,D,1018,2238,0,0,1.0
