dataset,variable,TP,TN,FP,FN,accuracy
train_x,Df,38450,69140,17656,33242,0.6788526576144566
train_x,D,38450,69140,17656,33242,0.6788526576144566
valid_x,Df,4152,7715,1967,3776,0.673878478137422
valid_x,D,4152,7715,1967,3776,0.673878478137422
test_x,Df,4715,8508,2174,4170,0.6757806510962334
test_x,D,4715,8508,2174,4170,0.6757806510962334
