dataset,variable,TP,TN,FP,FN,accuracy
train_x,Df,3954,3852,127,167,0.9637037037037037
train_x,D,3285,3622,357,836,0.8527160493827161
valid_x,Df,424,433,23,20,0.9522222222222222
valid_x,D,342,411,45,102,0.8366666666666667
test_x,Df,485,479,21,15,0.964
test_x,D,401,459,41,99,0.86
