dataset,variable,TP,TN,FP,FN,accuracy
train_x,Df,3312,3689,769,330,0.864320987654321
train_x,D,3642,4458,0,0,1.0
valid_x,Df,347,413,100,40,0.8444444444444444
valid_x,D,387,513,0,0,1.0
test_x,Df,407,459,99,35,0.866
test_x,D,442,558,0,0,1.0
