dataset,variable,TP,TN,FP,FN,accuracy
train_x,Df,69894,74478,5417,8699,0.9109333198727979
train_x,D,78593,79895,0,0,1.0
valid_x,Df,7777,8223,594,1016,0.9085746734809768
valid_x,D,8793,8817,0,0,1.0
test_x,Df,8612,9279,654,1022,0.9143455818469872
test_x,D,9634,9933,0,0,1.0
