dataset,variable,TP,TN,FP,FN,accuracy
train_x,Df,3959,3512,327,302,0.9223456790123457
train_x,D,3579,2659,1180,682,0.7701234567901235
valid_x,Df,431,410,32,27,0.9344444444444444
valid_x,D,404,317,125,54,0.8011111111111111
test_x,Df,460,448,49,43,0.908
test_x,D,426,336,161,77,0.762
