dataset,variable,TP,TN,FP,FN,accuracy
train_x,Df,3704,2759,582,1055,0.7979012345679012
train_x,D,4759,3341,0,0,1.0
valid_x,Df,423,331,40,106,0.8377777777777777
valid_x,D,529,371,0,0,1.0
test_x,Df,444,348,65,143,0.792
test_x,D,587,413,0,0,1.0
