dataset,variable,TP,TN,FP,FN,accuracy
train_x,Df,3797,3721,281,301,0.9281481481481482
train_x,D,3797,3721,281,301,0.9281481481481482
valid_x,Df,422,403,37,38,0.9166666666666666
valid_x,D,422,403,37,38,0.9166666666666666
test_x,Df,472,458,35,35,0.93
test_x,D,472,458,35,35,0.93
