dataset,variable,TP,TN,FP,FN,accuracy
train_x,Df,3146,2976,1037,941,0.7558024691358025
train_x,D,3098,2352,1661,989,0.6728395061728395
valid_x,Df,350,347,99,104,0.7744444444444445
valid_x,D,357,274,172,97,0.7011111111111111
test_x,Df,396,367,117,120,0.763
test_x,D,391,288,196,125,0.679
