dataset,variable,TP,TN,FP,FN,accuracy
train_x,Df,3705,3592,452,351,0.9008641975308642
train_x,D,3520,2764,1280,536,0.7758024691358024
valid_x,Df,411,406,43,40,0.9077777777777778
valid_x,D,391,307,142,60,0.7755555555555556
test_x,Df,464,430,54,52,0.894
test_x,D,454,345,139,62,0.799
