dataset,variable,TP,TN,FP,FN,accuracy
train_x,Df,3718,2861,439,1082,0.8122222222222222
train_x,D,4800,3300,0,0,1.0
valid_x,Df,401,314,53,132,0.7944444444444444
valid_x,D,533,367,0,0,1.0
test_x,Df,462,351,56,131,0.813
test_x,D,593,407,0,0,1.0
