dataset,variable,TP,TN,FP,FN,accuracy
train_x,Df,3437,17648,296,4993,0.7994615909607947
train_x,D,8430,17944,0,0,1.0
valid_x,Df,361,1924,41,605,0.779597407028318
valid_x,D,966,1965,0,0,1.0
test_x,Df,407,2190,23,636,0.7976044226044227
test_x,D,1043,2213,0,0,1.0
