dataset,variable,TP,TN,FP,FN,accuracy
train_x,Df,33568,5979,9,0,0.999772474466579
train_x,D,33568,5988,0,0,1.0
valid_x,Df,3726,669,0,0,1.0
valid_x,D,3726,669,0,0,1.0
test_x,Df,4128,750,5,0,0.9989760393200902
test_x,D,4128,755,0,0,1.0
