dataset,variable,TP,TN,FP,FN,accuracy
train_x,Df,32277,1598,4030,1651,0.856380827181717
train_x,D,32277,1598,4030,1651,0.856380827181717
valid_x,Df,3579,184,446,186,0.8562002275312856
valid_x,D,3579,184,446,186,0.8562002275312856
test_x,Df,3955,204,492,232,0.8517304935490477
test_x,D,3955,204,492,232,0.8517304935490477
