dataset,variable,TP,TN,FP,FN,accuracy
train_x,Df,3708,2214,1086,1092,0.7311111111111112
train_x,D,3708,2214,1086,1092,0.7311111111111112
valid_x,Df,394,237,130,139,0.7011111111111111
valid_x,D,394,237,130,139,0.7011111111111111
test_x,Df,470,254,153,123,0.724
test_x,D,470,254,153,123,0.724
