dataset,variable,TP,TN,FP,FN,accuracy
train_x,Df,3802,3052,992,254,0.8461728395061728
train_x,D,3802,3052,992,254,0.8461728395061728
valid_x,Df,414,339,110,37,0.8366666666666667
valid_x,D,414,339,110,37,0.8366666666666667
test_x,Df,475,336,148,41,0.811
test_x,D,475,336,148,41,0.811
