dataset,variable,TP,TN,FP,FN,accuracy
train_x,Df,2396,17463,1836,4678,0.7530049672013044
train_x,D,2396,17463,1836,4678,0.7530049672013044
valid_x,Df,262,1954,188,527,0.7560559535994541
valid_x,D,262,1954,188,527,0.7560559535994541
test_x,Df,326,2162,231,538,0.7638931532084741
test_x,D,326,2162,231,538,0.7638931532084741
