dataset,variable,TP,TN,FP,FN,accuracy
train_x,Df,39035,77019,14447,27987,0.7322573317853718
train_x,D,39035,77019,14447,27987,0.7322573317853718
valid_x,Df,4367,8520,1597,3126,0.7318001135718342
valid_x,D,4367,8520,1597,3126,0.7318001135718342
test_x,Df,4776,9552,1761,3478,0.7322532835897174
test_x,D,4776,9552,1761,3478,0.7322532835897174
