dataset,variable,TP,TN,FP,FN,accuracy
train_x,Df,3020,17766,1527,4061,0.7881246682338667
train_x,D,3020,17766,1527,4061,0.7881246682338667
valid_x,Df,379,1967,158,427,0.8004094165813715
valid_x,D,379,1967,158,427,0.8004094165813715
test_x,Df,370,2175,205,506,0.7816339066339066
test_x,D,370,2175,205,506,0.7816339066339066
