dataset,variable,TP,TN,FP,FN,accuracy
train_x,Df,68069,83483,5423,1514,0.9562304008480084
train_x,D,69583,88906,0,0,1.0
valid_x,Df,7602,9234,630,144,0.9560477001703578
valid_x,D,7746,9864,0,0,1.0
test_x,Df,8387,10379,611,189,0.959112746601247
test_x,D,8576,10990,0,0,1.0
