dataset,variable,TP,TN,FP,FN,accuracy
train_x,Df,5998,18831,463,1082,0.9414195798892849
train_x,D,7080,19294,0,0,1.0
valid_x,Df,646,2060,67,158,0.9232343909928352
valid_x,D,804,2127,0,0,1.0
test_x,Df,728,2325,52,151,0.9376535626535627
test_x,D,879,2377,0,0,1.0
