dataset,variable,TP,TN,FP,FN,accuracy
train_x,Df,32314,3936,3306,0,0.9164222873900293
train_x,D,32314,7242,0,0,1.0
valid_x,Df,3585,441,369,0,0.9160409556313993
valid_x,D,3585,810,0,0,1.0
test_x,Df,4005,467,411,0,0.9158304321114069
test_x,D,4005,878,0,0,1.0
