dataset,variable,TP,TN,FP,FN,accuracy
train_x,Df,3622,3481,534,463,0.8769135802469136
train_x,D,3414,2671,1344,671,0.7512345679012346
valid_x,Df,386,397,57,60,0.87
valid_x,D,369,294,160,77,0.7366666666666667
test_x,Df,447,423,72,58,0.87
test_x,D,424,331,164,81,0.755
