dataset,variable,TP,TN,FP,FN,accuracy
train_x,Df,34259,844,3739,713,0.8874478574137277
train_x,D,34259,844,3739,713,0.8874478574137277
valid_x,Df,3808,97,410,80,0.888509670079636
valid_x,D,3808,97,410,80,0.888509670079636
test_x,Df,4243,88,473,80,0.8867731367731367
test_x,D,4243,88,473,80,0.8867731367731367
