dataset,variable,TP,TN,FP,FN,accuracy
train_x,Df,38888,76606,14609,28385,0.728723941244763
train_x,D,38888,76606,14609,28385,0.728723941244763
valid_x,Df,4198,8529,1651,3232,0.7227143668370244
valid_x,D,4198,8529,1651,3232,0.7227143668370244
test_x,Df,4776,9481,1791,3519,0.7286247253028058
test_x,D,4776,9481,1791,3519,0.7286247253028058
