dataset,variable,TP,TN,FP,FN,accuracy
train_x,Df,34542,4585,0,428,0.9891796233093162
train_x,D,34970,4585,0,0,1.0
valid_x,Df,3843,508,0,44,0.9899886234357224
valid_x,D,3887,508,0,0,1.0
test_x,Df,4266,556,2,60,0.9873054873054873
test_x,D,4326,558,0,0,1.0
