dataset,variable,TP,TN,FP,FN,accuracy
train_x,Df,31441,4762,3353,0,0.9152340984932753
train_x,D,31441,8115,0,0,1.0
valid_x,Df,3495,522,378,0,0.9139931740614334
valid_x,D,3495,900,0,0,1.0
test_x,Df,3908,581,394,0,0.9193118984231006
test_x,D,3908,975,0,0,1.0
