dataset,variable,TP,TN,FP,FN,accuracy
train_x,Df,33536,5926,93,0,0.9976488433826318
train_x,D,33536,6019,0,0,1.0
valid_x,Df,3735,655,5,0,0.9988623435722411
valid_x,D,3735,660,0,0,1.0
test_x,Df,4151,723,10,0,0.997952497952498
test_x,D,4151,733,0,0,1.0
