dataset,variable,TP,TN,FP,FN,accuracy
train_x,Df,3481,17855,102,4936,0.8089785394706909
train_x,D,8417,17957,0,0,1.0
valid_x,Df,378,1952,5,596,0.7949505288297509
valid_x,D,974,1957,0,0,1.0
test_x,Df,435,2188,20,613,0.8055896805896806
test_x,D,1048,2208,0,0,1.0
