dataset,variable,TP,TN,FP,FN,accuracy
train_x,Df,3886,3790,203,221,0.9476543209876543
train_x,D,3252,3158,835,855,0.7913580246913581
valid_x,Df,429,429,21,21,0.9533333333333334
valid_x,D,366,362,88,84,0.8088888888888889
test_x,Df,478,467,25,30,0.945
test_x,D,408,384,108,100,0.792
