dataset,variable,TP,TN,FP,FN,accuracy
train_x,Df,3281,3205,808,806,0.8007407407407408
train_x,D,4087,4013,0,0,1.0
valid_x,Df,364,360,86,90,0.8044444444444444
valid_x,D,454,446,0,0,1.0
test_x,Df,408,389,95,108,0.797
test_x,D,516,484,0,0,1.0
