dataset,variable,TP,TN,FP,FN,accuracy
train_x,Df,1611,16761,1122,6880,0.6965951315689695
train_x,D,1611,16761,1122,6880,0.6965951315689695
valid_x,Df,162,1838,163,768,0.6823609689525759
valid_x,D,162,1838,163,768,0.6823609689525759
test_x,Df,214,2079,159,804,0.7042383292383292
test_x,D,214,2079,159,804,0.7042383292383292
