dataset,variable,TP,TN,FP,FN,accuracy
train_x,Df,6300,19347,676,51,0.9724349738378706
train_x,D,6351,20023,0,0,1.0
valid_x,Df,701,2150,75,5,0.972705561241897
valid_x,D,706,2225,0,0,1.0
test_x,Df,778,2380,92,6,0.9699017199017199
test_x,D,784,2472,0,0,1.0
