dataset,variable,TP,TN,FP,FN,accuracy
train_x,Df,3610,3622,546,322,0.8928395061728395
train_x,D,3314,2724,1444,618,0.7454320987654321
valid_x,Df,386,419,57,38,0.8944444444444445
valid_x,D,353,300,176,71,0.7255555555555555
test_x,Df,455,443,64,38,0.898
test_x,D,426,345,162,67,0.771
