dataset,variable,TP,TN,FP,FN,accuracy
train_x,Df,65507,84317,7153,1512,0.9453274359734745
train_x,D,67019,91470,0,0,1.0
valid_x,Df,7327,9310,818,155,0.9447473026689381
valid_x,D,7482,10128,0,0,1.0
test_x,Df,8072,10467,831,196,0.9475109884493509
test_x,D,8268,11298,0,0,1.0
