dataset,variable,TP,TN,FP,FN,accuracy
train_x,Df,31478,4738,3339,0,0.9155858930602958
train_x,D,31478,8077,0,0,1.0
valid_x,Df,3487,541,367,0,0.9164960182025028
valid_x,D,3487,908,0,0,1.0
test_x,Df,3879,592,413,0,0.9154381654381655
test_x,D,3879,1005,0,0,1.0
