dataset,variable,TP,TN,FP,FN,accuracy
train_x,Df,40083,67945,19921,30540,0.6816119730706863
train_x,D,40083,67945,19921,30540,0.6816119730706863
valid_x,Df,4374,7541,2224,3471,0.6766042021578649
valid_x,D,4374,7541,2224,3471,0.6766042021578649
test_x,Df,5005,8269,2498,3794,0.6784217520188082
test_x,D,5005,8269,2498,3794,0.6784217520188082
