dataset,variable,TP,TN,FP,FN,accuracy
train_x,Df,3786,3778,275,261,0.9338271604938272
train_x,D,4047,4053,0,0,1.0
valid_x,Df,433,411,27,29,0.9377777777777778
valid_x,D,462,438,0,0,1.0
test_x,Df,512,450,23,15,0.962
test_x,D,527,473,0,0,1.0
