dataset,variable,TP,TN,FP,FN,accuracy
train_x,Df,3966,3933,95,106,0.9751851851851852
train_x,D,3757,3738,290,315,0.9253086419753086
valid_x,Df,451,426,9,14,0.9744444444444444
valid_x,D,432,405,30,33,0.93
test_x,Df,520,457,15,8,0.977
test_x,D,506,451,21,22,0.957
