dataset,variable,TP,TN,FP,FN,accuracy
train_x,Df,4016,3935,67,82,0.9816049382716049
train_x,D,3793,3881,121,305,0.9474074074074074
valid_x,Df,447,437,3,13,0.9822222222222222
valid_x,D,432,431,9,28,0.9588888888888889
test_x,Df,499,485,8,8,0.984
test_x,D,479,478,15,28,0.957
