dataset,variable,TP,TN,FP,FN,accuracy
train_x,Df,2946,18321,1483,3624,0.8063623265337074
train_x,D,2946,18321,1483,3624,0.8063623265337074
valid_x,Df,344,2034,169,384,0.8113271920846128
valid_x,D,344,2034,169,384,0.8113271920846128
test_x,Df,365,2277,183,431,0.8114250614250614
test_x,D,365,2277,183,431,0.8114250614250614
