dataset,variable,TP,TN,FP,FN,accuracy
train_x,Df,5316,18149,1168,1741,0.889701979221961
train_x,D,7057,19317,0,0,1.0
valid_x,Df,582,1991,144,214,0.8778573865574889
valid_x,D,796,2135,0,0,1.0
test_x,Df,667,2233,149,207,0.8906633906633906
test_x,D,874,2382,0,0,1.0
