dataset,variable,TP,TN,FP,FN,accuracy
train_x,Df,5995,18817,468,1094,0.9407750056874195
train_x,D,7089,19285,0,0,1.0
valid_x,Df,671,2089,41,130,0.9416581371545547
valid_x,D,801,2130,0,0,1.0
test_x,Df,762,2338,45,111,0.952088452088452
test_x,D,873,2383,0,0,1.0
