dataset,variable,TP,TN,FP,FN,accuracy
train_x,Df,3941,16036,1668,4729,0.7574505194509744
train_x,D,3941,16036,1668,4729,0.7574505194509744
valid_x,Df,434,1824,180,493,0.7703855339474582
valid_x,D,434,1824,180,493,0.7703855339474582
test_x,Df,494,1996,209,557,0.7647420147420148
test_x,D,494,1996,209,557,0.7647420147420148
