dataset,variable,TP,TN,FP,FN,accuracy
train_x,Df,1671,16766,1191,6746,0.6990596799878669
train_x,D,1671,16766,1191,6746,0.6990596799878669
valid_x,Df,181,1815,142,793,0.6809962470146708
valid_x,D,181,1815,142,793,0.6809962470146708
test_x,Df,213,2046,162,835,0.6937960687960688
test_x,D,213,2046,162,835,0.6937960687960688
