dataset,variable,TP,TN,FP,FN,accuracy
train_x,Df,61957,77661,10264,8606,0.8809373580334158
train_x,D,70563,87925,0,0,1.0
valid_x,Df,7006,8494,1123,987,0.8801817149346962
valid_x,D,7993,9617,0,0,1.0
test_x,Df,7667,9619,1237,1044,0.8834261767261206
test_x,D,8711,10856,0,0,1.0
