dataset,variable,TP,TN,FP,FN,accuracy
train_x,Df,65052,87837,5580,20,0.9646663175362328
train_x,D,65072,93417,0,0,1.0
valid_x,Df,7230,9732,648,0,0.9632027257240204
valid_x,D,7230,10380,0,0,1.0
test_x,Df,8031,10898,635,2,0.9674435244812429
test_x,D,8033,11533,0,0,1.0
