dataset,variable,TP,TN,FP,FN,accuracy
train_x,Df,7702,17563,169,940,0.9579510123606583
train_x,D,8642,17732,0,0,1.0
valid_x,Df,852,1957,18,104,0.9583759808938929
valid_x,D,956,1975,0,0,1.0
test_x,Df,946,2180,26,104,0.9600737100737101
test_x,D,1050,2206,0,0,1.0
