dataset,variable,TP,TN,FP,FN,accuracy
train_x,Df,3210,17633,1652,3879,0.7902858876165921
train_x,D,3210,17633,1652,3879,0.7902858876165921
valid_x,Df,355,1968,162,446,0.7925622654384169
valid_x,D,355,1968,162,446,0.7925622654384169
test_x,Df,410,2178,205,463,0.7948402948402948
test_x,D,410,2178,205,463,0.7948402948402948
