dataset,variable,TP,TN,FP,FN,accuracy
train_x,Df,34646,4563,10,337,0.9912276266558803
train_x,D,34983,4573,0,0,1.0
valid_x,Df,3838,514,0,43,0.9902161547212742
valid_x,D,3881,514,0,0,1.0
test_x,Df,4270,562,2,49,0.9895556010649191
test_x,D,4319,564,0,0,1.0
