dataset,variable,TP,TN,FP,FN,accuracy
train_x,Df,68146,83544,5409,1389,0.9571071626873959
train_x,D,69535,88953,0,0,1.0
valid_x,Df,7583,9276,599,152,0.9573537762634866
valid_x,D,7735,9875,0,0,1.0
test_x,Df,8467,10276,656,168,0.9578882812899269
test_x,D,8635,10932,0,0,1.0
