dataset,variable,TP,TN,FP,FN,accuracy
train_x,Df,33532,5033,988,2,0.9749715585893061
train_x,D,33534,6021,0,0,1.0
valid_x,Df,3718,556,121,0,0.9724687144482367
valid_x,D,3718,677,0,0,1.0
test_x,Df,4170,604,110,0,0.9774774774774775
test_x,D,4170,714,0,0,1.0
