dataset,variable,TP,TN,FP,FN,accuracy
train_x,Df,3260,2712,1300,828,0.7372839506172839
train_x,D,3260,2712,1300,828,0.7372839506172839
valid_x,Df,356,295,142,107,0.7233333333333334
valid_x,D,356,295,142,107,0.7233333333333334
test_x,Df,403,330,164,103,0.733
test_x,D,403,330,164,103,0.733
