dataset,variable,TP,TN,FP,FN,accuracy
train_x,Df,3889,3898,130,183,0.961358024691358
train_x,D,3233,3670,358,839,0.8522222222222222
valid_x,Df,447,418,17,18,0.9611111111111111
valid_x,D,374,401,34,91,0.8611111111111112
test_x,Df,513,454,18,15,0.967
test_x,D,421,421,51,107,0.842
