dataset,variable,TP,TN,FP,FN,accuracy
train_x,Df,3248,3738,771,343,0.8624691358024691
train_x,D,3591,4509,0,0,1.0
valid_x,Df,379,407,85,29,0.8733333333333333
valid_x,D,408,492,0,0,1.0
test_x,Df,426,423,105,46,0.849
test_x,D,472,528,0,0,1.0
