dataset,variable,TP,TN,FP,FN,accuracy
train_x,Df,3273,18641,1382,3078,0.8308940623341169
train_x,D,3273,18641,1382,3078,0.8308940623341169
valid_x,Df,341,2081,144,365,0.8263391334015694
valid_x,D,341,2081,144,365,0.8263391334015694
test_x,Df,379,2316,156,405,0.8277027027027027
test_x,D,379,2316,156,405,0.8277027027027027
