dataset,variable,TP,TN,FP,FN,accuracy
train_x,Df,3244,17805,105,5220,0.7980966102980208
train_x,D,8464,17910,0,0,1.0
valid_x,Df,376,1991,9,555,0.8075742067553736
valid_x,D,931,2000,0,0,1.0
test_x,Df,412,2202,10,632,0.8028255528255528
test_x,D,1044,2212,0,0,1.0
