dataset,variable,TP,TN,FP,FN,accuracy
train_x,Df,34319,4558,8,671,0.9828344625341289
train_x,D,34990,4566,0,0,1.0
valid_x,Df,3799,518,0,78,0.9822525597269625
valid_x,D,3877,518,0,0,1.0
test_x,Df,4243,567,0,73,0.9850501740733156
test_x,D,4316,567,0,0,1.0
