dataset,variable,TP,TN,FP,FN,accuracy
train_x,Df,3559,2849,450,1242,0.7911111111111111
train_x,D,4801,3299,0,0,1.0
valid_x,Df,387,305,61,147,0.7688888888888888
valid_x,D,534,366,0,0,1.0
test_x,Df,443,342,65,150,0.785
test_x,D,593,407,0,0,1.0
