dataset,variable,TP,TN,FP,FN,accuracy
train_x,Df,3759,3858,250,233,0.9403703703703704
train_x,D,3501,2808,1300,491,0.7788888888888889
valid_x,Df,423,423,25,29,0.94
valid_x,D,383,297,151,69,0.7555555555555555
test_x,Df,482,458,26,34,0.94
test_x,D,443,334,150,73,0.777
