dataset,variable,TP,TN,FP,FN,accuracy
train_x,Df,3951,3203,654,292,0.8832098765432099
train_x,D,3951,3203,654,292,0.8832098765432099
valid_x,Df,426,355,84,35,0.8677777777777778
valid_x,D,426,355,84,35,0.8677777777777778
test_x,Df,481,400,82,37,0.881
test_x,D,481,400,82,37,0.881
