dataset,variable,TP,TN,FP,FN,accuracy
train_x,Df,5665,18835,477,1397,0.9289451732767119
train_x,D,7062,19312,0,0,1.0
valid_x,Df,626,2099,51,155,0.9297168201978847
valid_x,D,781,2150,0,0,1.0
test_x,Df,703,2307,65,181,0.9244471744471745
test_x,D,884,2372,0,0,1.0
