dataset,variable,TP,TN,FP,FN,accuracy
train_x,Df,3627,3762,254,457,0.9122222222222223
train_x,D,3627,3762,254,457,0.9122222222222223
valid_x,Df,412,397,33,58,0.8988888888888888
valid_x,D,412,397,33,58,0.8988888888888888
test_x,Df,452,458,31,59,0.91
test_x,D,452,458,31,59,0.91
