dataset,variable,TP,TN,FP,FN,accuracy
train_x,Df,2982,3583,899,636,0.8104938271604938
train_x,D,2982,3583,899,636,0.8104938271604938
valid_x,Df,336,376,109,79,0.7911111111111111
valid_x,D,336,376,109,79,0.7911111111111111
test_x,Df,361,440,122,77,0.801
test_x,D,361,440,122,77,0.801
