dataset,variable,TP,TN,FP,FN,accuracy
train_x,Df,39455,66862,20966,31206,0.6708162711607746
train_x,D,39455,66862,20966,31206,0.6708162711607746
valid_x,Df,4376,7478,2287,3469,0.6731402612152186
valid_x,D,4376,7478,2287,3469,0.6731402612152186
test_x,Df,4930,8225,2580,3831,0.6723397730757437
test_x,D,4930,8225,2580,3831,0.6723397730757437
