dataset,variable,TP,TN,FP,FN,accuracy
train_x,Df,3298,3696,785,321,0.8634567901234568
train_x,D,3619,4481,0,0,1.0
valid_x,Df,357,413,80,50,0.8555555555555555
valid_x,D,407,493,0,0,1.0
test_x,Df,403,459,96,42,0.862
test_x,D,445,555,0,0,1.0
