dataset,variable,TP,TN,FP,FN,accuracy
train_x,Df,3948,3846,135,171,0.9622222222222222
train_x,D,3272,3634,347,847,0.8525925925925926
valid_x,Df,419,443,18,20,0.9577777777777777
valid_x,D,353,407,54,86,0.8444444444444444
test_x,Df,486,480,13,21,0.966
test_x,D,403,451,42,104,0.854
