dataset,variable,TP,TN,FP,FN,accuracy
train_x,Df,3829,3450,637,184,0.898641975308642
train_x,D,3829,3450,637,184,0.898641975308642
valid_x,Df,420,373,82,25,0.8811111111111111
valid_x,D,420,373,82,25,0.8811111111111111
test_x,Df,469,424,74,33,0.893
test_x,D,469,424,74,33,0.893
