dataset,variable,TP,TN,FP,FN,accuracy
train_x,Df,3606,2439,860,1195,0.7462962962962963
train_x,D,3606,2439,860,1195,0.7462962962962963
valid_x,Df,401,265,101,133,0.74
valid_x,D,401,265,101,133,0.74
test_x,Df,439,303,104,154,0.742
test_x,D,439,303,104,154,0.742
