dataset,variable,TP,TN,FP,FN,accuracy
train_x,Df,39412,76173,15297,27607,0.7292935156383092
train_x,D,39412,76173,15297,27607,0.7292935156383092
valid_x,Df,4427,8456,1672,3055,0.731572969903464
valid_x,D,4427,8456,1672,3055,0.731572969903464
test_x,Df,4895,9468,1830,3373,0.7340795257078606
test_x,D,4895,9468,1830,3373,0.7340795257078606
