dataset,variable,TP,TN,FP,FN,accuracy
train_x,Df,41364,74452,14454,28219,0.7307510300399397
train_x,D,41364,74452,14454,28219,0.7307510300399397
valid_x,Df,4658,8295,1569,3088,0.7355479840999433
valid_x,D,4658,8295,1569,3088,0.7355479840999433
test_x,Df,5149,9285,1705,3427,0.7377082694469999
test_x,D,5149,9285,1705,3427,0.7377082694469999
