dataset,variable,TP,TN,FP,FN,accuracy
train_x,Df,31462,4746,3348,0,0.9153605015673981
train_x,D,31462,8094,0,0,1.0
valid_x,Df,3504,532,359,0,0.9183162684869169
valid_x,D,3504,891,0,0,1.0
test_x,Df,3878,583,422,0,0.9135777186156051
test_x,D,3878,1005,0,0,1.0
