dataset,variable,TP,TN,FP,FN,accuracy
train_x,Df,6862,17787,1512,212,0.9346301141318774
train_x,D,7074,19299,0,0,1.0
valid_x,Df,772,1990,152,17,0.9423404981235073
valid_x,D,789,2142,0,0,1.0
test_x,Df,849,2201,192,15,0.9364445809026711
test_x,D,864,2393,0,0,1.0
