dataset,variable,TP,TN,FP,FN,accuracy
train_x,Df,33379,1412,3521,1244,0.8795378703610072
train_x,D,33379,1412,3521,1244,0.8795378703610072
valid_x,Df,3696,161,387,151,0.8775881683731513
valid_x,D,3696,161,387,151,0.8775881683731513
test_x,Df,4099,160,449,175,0.8722097071472455
test_x,D,4099,160,449,175,0.8722097071472455
