dataset,variable,TP,TN,FP,FN,accuracy
train_x,Df,3287,3171,841,801,0.797283950617284
train_x,D,4088,4012,0,0,1.0
valid_x,Df,359,341,96,104,0.7777777777777778
valid_x,D,463,437,0,0,1.0
test_x,Df,406,391,103,100,0.797
test_x,D,506,494,0,0,1.0
