dataset,variable,TP,TN,FP,FN,accuracy
train_x,Df,3922,3796,206,176,0.9528395061728395
train_x,D,3262,3176,826,836,0.7948148148148149
valid_x,Df,436,421,19,24,0.9522222222222222
valid_x,D,364,341,99,96,0.7833333333333333
test_x,Df,485,469,24,22,0.954
test_x,D,400,387,106,107,0.787
