dataset,variable,TP,TN,FP,FN,accuracy
train_x,Df,39207,76959,14532,27790,0.7329640098934935
train_x,D,39207,76959,14532,27790,0.7329640098934935
valid_x,Df,4404,8480,1683,3043,0.7316297558205564
valid_x,D,4404,8480,1683,3043,0.7316297558205564
test_x,Df,4840,9404,1838,3485,0.7279603413911176
test_x,D,4840,9404,1838,3485,0.7279603413911176
