dataset,variable,TP,TN,FP,FN,accuracy
train_x,Df,32618,2263,2670,2005,0.8818131256952169
train_x,D,32618,2263,2670,2005,0.8818131256952169
valid_x,Df,3609,224,324,238,0.872127417519909
valid_x,D,3609,224,324,238,0.872127417519909
test_x,Df,4032,275,334,242,0.8820397296743805
test_x,D,4032,275,334,242,0.8820397296743805
