dataset,variable,TP,TN,FP,FN,accuracy
train_x,Df,32319,3917,3318,1,0.9160915181392997
train_x,D,32320,7235,0,0,1.0
valid_x,Df,3593,426,376,0,0.9144482366325369
valid_x,D,3593,802,0,0,1.0
test_x,Df,3991,485,408,0,0.9164619164619164
test_x,D,3991,893,0,0,1.0
