dataset,variable,TP,TN,FP,FN,accuracy
train_x,Df,71616,86861,0,12,0.999924284966149
train_x,D,71628,86861,0,0,1.0
valid_x,Df,7975,9634,0,1,0.9999432140829074
valid_x,D,7976,9634,0,0,1.0
test_x,Df,8901,10665,0,0,1.0
test_x,D,8901,10665,0,0,1.0
