dataset,variable,TP,TN,FP,FN,accuracy
train_x,Df,3701,3669,371,359,0.9098765432098765
train_x,D,3541,2781,1259,519,0.7804938271604939
valid_x,Df,423,380,53,44,0.8922222222222222
valid_x,D,403,303,130,64,0.7844444444444445
test_x,Df,451,454,50,45,0.905
test_x,D,421,332,172,75,0.753
