dataset,variable,TP,TN,FP,FN,accuracy
train_x,Df,3682,2910,390,1118,0.8138271604938272
train_x,D,4800,3300,0,0,1.0
valid_x,Df,418,309,58,115,0.8077777777777778
valid_x,D,533,367,0,0,1.0
test_x,Df,443,349,58,150,0.792
test_x,D,593,407,0,0,1.0
