dataset,variable,TP,TN,FP,FN,accuracy
train_x,Df,3956,3635,330,179,0.9371604938271605
train_x,D,3570,2776,1189,565,0.7834567901234568
valid_x,Df,430,421,33,16,0.9455555555555556
valid_x,D,401,326,128,45,0.8077777777777778
test_x,Df,459,466,50,25,0.925
test_x,D,425,354,162,59,0.779
