dataset,variable,TP,TN,FP,FN,accuracy
train_x,Df,4141,3642,0,317,0.9608641975308642
train_x,D,4458,3642,0,0,1.0
valid_x,Df,454,402,0,44,0.9511111111111111
valid_x,D,498,402,0,0,1.0
test_x,Df,504,456,0,40,0.96
test_x,D,544,456,0,0,1.0
