dataset,variable,TP,TN,FP,FN,accuracy
train_x,Df,4081,3933,60,26,0.9893827160493828
train_x,D,4107,3642,351,0,0.9566666666666667
valid_x,Df,446,442,8,4,0.9866666666666667
valid_x,D,450,402,48,0,0.9466666666666667
test_x,Df,502,490,2,6,0.992
test_x,D,508,456,36,0,0.964
