,accuracy,f1_score,precision,recall,FNR,FPR,cross_entropy,FNR_diff,FPR_diff,equalized_odds,Equal_Opportunity,experiment,fold,eval_type,stage,WEOp,expected_acc,WEQ
0,0.816,0.8206627680311892,0.8254901960784313,0.8158914728682171,0.18410852713178294,0.18388429752066116,0.018021826694558575,0.046612365790448,0.05700762335595208,0.05700762335595208,0.04661236579044792,reweight,10,ground,ground,-0.07265384698615507,0.8155986812730682,0.07265384698615507
0,0.817,0.8211143695014664,0.8284023668639053,0.813953488372093,0.18604651162790697,0.1797520661157025,0.015992237970471605,0.049315068493150704,0.052651419954762496,0.052651419954762496,0.04931506849315059,reduction,10,ground,ground,-0.07469565995160377,0.816374399820472,0.07469565995160377
0,0.828,0.8317025440313113,0.8399209486166008,0.8236434108527132,0.17635658914728683,0.16735537190082644,0.015249237972318797,0.02151055164753793,0.18149451285917734,0.18149451285917734,0.0215105516475379,LR,10,ground,ground,-0.00011318316600383849,0.8229464425743047,0.14882424171135175
