dataset,variable,TP,TN,FP,FN,accuracy
train_x,Df,28172,2431,4762,4191,0.7736626554757812
train_x,D,28172,2431,4762,4191,0.7736626554757812
valid_x,Df,3030,280,559,526,0.7531285551763367
valid_x,D,3030,280,559,526,0.7531285551763367
test_x,Df,3444,280,618,541,0.7626459143968871
test_x,D,3444,280,618,541,0.7626459143968871
