dataset,variable,TP,TN,FP,FN,accuracy
train_x,Df,6205,19399,431,339,0.9708045802684462
train_x,D,6544,19830,0,0,1.0
valid_x,Df,709,2125,66,31,0.9669054930058001
valid_x,D,740,2191,0,0,1.0
test_x,Df,759,2393,53,51,0.9680589680589681
test_x,D,810,2446,0,0,1.0
