dataset,variable,TP,TN,FP,FN,accuracy
train_x,Df,37979,69473,17312,33724,0.6779819292312351
train_x,D,37979,69473,17312,33724,0.6779819292312351
valid_x,Df,4313,7716,1900,3681,0.6830777967064168
valid_x,D,4313,7716,1900,3681,0.6830777967064168
test_x,Df,4641,8588,2171,4167,0.6760872898247049
test_x,D,4641,8588,2171,4167,0.6760872898247049
