dataset,variable,TP,TN,FP,FN,accuracy
train_x,Df,3867,3895,247,91,0.9582716049382716
train_x,D,3958,4142,0,0,1.0
valid_x,Df,420,442,25,13,0.9577777777777777
valid_x,D,433,467,0,0,1.0
test_x,Df,446,506,36,12,0.952
test_x,D,458,542,0,0,1.0
