dataset,variable,TP,TN,FP,FN,accuracy
train_x,Df,4047,3898,67,88,0.9808641975308642
train_x,D,3842,3849,116,293,0.9495061728395062
valid_x,Df,439,448,6,7,0.9855555555555555
valid_x,D,416,437,17,30,0.9477777777777778
test_x,Df,472,506,10,12,0.978
test_x,D,446,504,12,38,0.95
