dataset,variable,TP,TN,FP,FN,accuracy
train_x,Df,38698,76931,14393,28467,0.7295711374290961
train_x,D,38698,76931,14393,28467,0.7295711374290961
valid_x,Df,4246,8516,1566,3282,0.7247018739352641
valid_x,D,4246,8516,1566,3282,0.7247018739352641
test_x,Df,4713,9511,1750,3592,0.7269753654298272
test_x,D,4713,9511,1750,3592,0.7269753654298272
