dataset,variable,TP,TN,FP,FN,accuracy
train_x,Df,4036,3860,105,99,0.9748148148148148
train_x,D,3826,3682,283,309,0.9269135802469136
valid_x,Df,435,446,8,11,0.9788888888888889
valid_x,D,417,432,22,29,0.9433333333333334
test_x,Df,472,501,15,12,0.973
test_x,D,452,480,36,32,0.932
