dataset,variable,TP,TN,FP,FN,accuracy
train_x,Df,3863,3713,278,246,0.9353086419753086
train_x,D,4109,3991,0,0,1.0
valid_x,Df,420,438,23,19,0.9533333333333334
valid_x,D,439,461,0,0,1.0
test_x,Df,455,480,32,33,0.935
test_x,D,488,512,0,0,1.0
