dataset,variable,TP,TN,FP,FN,accuracy
train_x,Df,3556,3442,556,546,0.8639506172839506
train_x,D,3556,3442,556,546,0.8639506172839506
valid_x,Df,382,380,78,60,0.8466666666666667
valid_x,D,382,380,78,60,0.8466666666666667
test_x,Df,426,427,81,66,0.853
test_x,D,426,427,81,66,0.853
