dataset,variable,TP,TN,FP,FN,accuracy
train_x,Df,3803,3670,309,318,0.9225925925925926
train_x,D,3803,3670,309,318,0.9225925925925926
valid_x,Df,414,410,46,30,0.9155555555555556
valid_x,D,414,410,46,30,0.9155555555555556
test_x,Df,464,457,43,36,0.921
test_x,D,464,457,43,36,0.921
