dataset,variable,TP,TN,FP,FN,accuracy
train_x,Df,61990,77611,10217,8671,0.8808245367186366
train_x,D,70661,87828,0,0,1.0
valid_x,Df,6843,8665,1100,1002,0.8806360022714367
valid_x,D,7845,9765,0,0,1.0
test_x,Df,7714,9600,1205,1047,0.8849023816825105
test_x,D,8761,10805,0,0,1.0
