dataset,variable,TP,TN,FP,FN,accuracy
train_x,Df,69259,74499,5381,9349,0.907059209530059
train_x,D,78608,79880,0,0,1.0
valid_x,Df,7640,8267,603,1100,0.9032935831913685
valid_x,D,8740,8870,0,0,1.0
test_x,Df,8578,9216,679,1094,0.9093882557366996
test_x,D,9672,9895,0,0,1.0
