dataset,variable,TP,TN,FP,FN,accuracy
train_x,Df,3636,3248,953,263,0.8498765432098765
train_x,D,3636,3248,953,263,0.8498765432098765
valid_x,Df,417,347,112,24,0.8488888888888889
valid_x,D,417,347,112,24,0.8488888888888889
test_x,Df,467,369,122,42,0.836
test_x,D,467,369,122,42,0.836
