dataset,variable,TP,TN,FP,FN,accuracy
train_x,Df,3662,2238,1061,1139,0.7283950617283951
train_x,D,3662,2238,1061,1139,0.7283950617283951
valid_x,Df,395,240,127,138,0.7055555555555556
valid_x,D,395,240,127,138,0.7055555555555556
test_x,Df,477,272,136,115,0.749
test_x,D,477,272,136,115,0.749
