dataset,variable,TP,TN,FP,FN,accuracy
train_x,Df,3802,3112,921,265,0.8535802469135803
train_x,D,3802,3112,921,265,0.8535802469135803
valid_x,Df,415,340,107,38,0.8388888888888889
valid_x,D,415,340,107,38,0.8388888888888889
test_x,Df,477,361,136,26,0.838
test_x,D,477,361,136,26,0.838
