dataset,variable,TP,TN,FP,FN,accuracy
train_x,Df,4108,3959,22,11,0.9959259259259259
train_x,D,4119,3859,122,0,0.9849382716049383
valid_x,Df,437,458,3,2,0.9944444444444445
valid_x,D,439,442,19,0,0.9788888888888889
test_x,Df,504,489,4,3,0.993
test_x,D,507,477,16,0,0.984
