dataset,variable,TP,TN,FP,FN,accuracy
train_x,Df,3893,3270,618,319,0.884320987654321
train_x,D,3893,3270,618,319,0.884320987654321
valid_x,Df,441,338,76,45,0.8655555555555555
valid_x,D,441,338,76,45,0.8655555555555555
test_x,Df,488,390,86,36,0.878
test_x,D,488,390,86,36,0.878
