dataset,variable,TP,TN,FP,FN,accuracy
train_x,Df,3680,3470,528,422,0.8827160493827161
train_x,D,3422,2662,1336,680,0.7511111111111111
valid_x,Df,390,387,71,52,0.8633333333333333
valid_x,D,372,301,157,70,0.7477777777777778
test_x,Df,437,429,79,55,0.866
test_x,D,413,333,175,79,0.746
