dataset,variable,TP,TN,FP,FN,accuracy
train_x,Df,68105,83503,5420,1461,0.956583737672646
train_x,D,69566,88923,0,0,1.0
valid_x,Df,7567,9300,589,154,0.9578080636002272
valid_x,D,7721,9889,0,0,1.0
test_x,Df,8430,10293,655,188,0.9569150567310641
test_x,D,8618,10948,0,0,1.0
