dataset,variable,TP,TN,FP,FN,accuracy
train_x,Df,3672,3511,497,420,0.8867901234567901
train_x,D,3672,3511,497,420,0.8867901234567901
valid_x,Df,417,373,58,52,0.8777777777777778
valid_x,D,417,373,58,52,0.8777777777777778
test_x,Df,443,421,75,61,0.864
test_x,D,443,421,75,61,0.864
