dataset,variable,TP,TN,FP,FN,accuracy
train_x,Df,3149,2983,1020,948,0.7570370370370371
train_x,D,3149,2983,1020,948,0.7570370370370371
valid_x,Df,345,305,130,120,0.7222222222222222
valid_x,D,345,305,130,120,0.7222222222222222
test_x,Df,369,356,149,126,0.725
test_x,D,369,356,149,126,0.725
