dataset,variable,TP,TN,FP,FN,accuracy
train_x,Df,68143,83489,5417,1439,0.9567412043814043
train_x,D,69582,88906,0,0,1.0
valid_x,Df,7603,9239,594,174,0.9563884156729131
valid_x,D,7777,9833,0,0,1.0
test_x,Df,8363,10367,654,183,0.9572238973782389
test_x,D,8546,11021,0,0,1.0
