dataset,variable,TP,TN,FP,FN,accuracy
train_x,Df,33544,5622,390,0,0.9901405602184246
train_x,D,33544,6012,0,0,1.0
valid_x,Df,3740,610,45,0,0.9897610921501706
valid_x,D,3740,655,0,0,1.0
test_x,Df,4138,699,46,0,0.990579561744829
test_x,D,4138,745,0,0,1.0
