dataset,variable,TP,TN,FP,FN,accuracy
train_x,Df,3874,3419,260,547,0.9003703703703704
train_x,D,3557,2478,1201,864,0.7450617283950617
valid_x,Df,440,363,26,71,0.8922222222222222
valid_x,D,407,267,122,104,0.7488888888888889
test_x,Df,508,412,20,60,0.92
test_x,D,471,315,117,97,0.786
