dataset,variable,TP,TN,FP,FN,accuracy
train_x,Df,3966,3295,335,504,0.8964197530864197
train_x,D,3966,3295,335,504,0.8964197530864197
valid_x,Df,415,384,37,64,0.8877777777777778
valid_x,D,415,384,37,64,0.8877777777777778
test_x,Df,488,405,44,63,0.893
test_x,D,488,405,44,63,0.893
