dataset,variable,TP,TN,FP,FN,accuracy
train_x,Df,3899,3579,402,220,0.9232098765432099
train_x,D,3899,3579,402,220,0.9232098765432099
valid_x,Df,412,421,40,27,0.9255555555555556
valid_x,D,412,421,40,27,0.9255555555555556
test_x,Df,480,441,52,27,0.921
test_x,D,480,441,52,27,0.921
