dataset,variable,TP,TN,FP,FN,accuracy
train_x,Df,65501,84605,6886,1496,0.9471127151582455
train_x,D,66997,91491,0,0,1.0
valid_x,Df,7287,9342,821,160,0.9442930153321976
valid_x,D,7447,10163,0,0,1.0
test_x,Df,8136,10380,862,189,0.9462871160627587
test_x,D,8325,11242,0,0,1.0
