dataset,variable,TP,TN,FP,FN,accuracy
train_x,Df,28044,3612,4465,3434,0.8003033750474023
train_x,D,28044,3612,4465,3434,0.8003033750474023
valid_x,Df,3093,417,491,394,0.7986348122866894
valid_x,D,3093,417,491,394,0.7986348122866894
test_x,Df,3452,442,563,427,0.7972972972972973
test_x,D,3452,442,563,427,0.7972972972972973
