,accuracy,f1_score,precision,recall,FNR,FPR,cross_entropy,FNR_diff,FPR_diff,equalized_odds,Equal_Opportunity,experiment,fold,eval_type,stage,WEOp,expected_acc,WEQ
0,0.798,0.7971887550200804,0.8036437246963563,0.7908366533864541,0.20916334661354583,0.19477911646586346,-0.0027725887222397752,0.02691397000789264,0.0883070301291248,0.0883070301291248,0.02691397000789264,reweight,7,ground,ground,0.10126508234751652,0.8046418156596922,0.10126508234751652
0,0.8,0.7991967871485943,0.805668016194332,0.7928286852589641,0.20717131474103587,0.1927710843373494,-0.0024831034239333194,0.009865824782951838,0.06456241032998564,0.06456241032998564,0.009865824782951838,reduction,7,ground,ground,0.08817910048636346,0.8057689546977783,0.08817910048636346
0,0.795,0.7956131605184447,0.7964071856287425,0.7948207171314741,0.2051792828685259,0.20481927710843373,0.002079441541679838,0.15130228887134964,0.18023672883787664,0.18023672883787664,0.15130228887134967,LR,7,ground,ground,0.22208856266664834,0.8064626187550168,0.22208856266664834
