dataset,variable,TP,TN,FP,FN,accuracy
train_x,Df,65588,84289,7108,1504,0.9456618440396495
train_x,D,67092,91397,0,0,1.0
valid_x,Df,7288,9401,789,132,0.9477001703577512
valid_x,D,7420,10190,0,0,1.0
test_x,Df,8072,10406,903,185,0.944393335377696
test_x,D,8257,11309,0,0,1.0
