dataset,variable,TP,TN,FP,FN,accuracy
train_x,Df,3010,18279,1539,3546,0.8071964813831805
train_x,D,3010,18279,1539,3546,0.8071964813831805
valid_x,Df,324,2028,187,392,0.8024564994882293
valid_x,D,324,2028,187,392,0.8024564994882293
test_x,Df,365,2259,175,457,0.8058968058968059
test_x,D,365,2259,175,457,0.8058968058968059
