dataset,variable,TP,TN,FP,FN,accuracy
train_x,Df,33914,4641,1000,0,0.974718746049804
train_x,D,33914,5641,0,0,1.0
valid_x,Df,3779,515,101,0,0.9770193401592719
valid_x,D,3779,616,0,0,1.0
test_x,Df,4187,571,126,0,0.9742014742014742
test_x,D,4187,697,0,0,1.0
