dataset,variable,TP,TN,FP,FN,accuracy
train_x,Df,3896,3335,693,176,0.8927160493827161
train_x,D,3896,3335,693,176,0.8927160493827161
valid_x,Df,444,350,85,21,0.8822222222222222
valid_x,D,444,350,85,21,0.8822222222222222
test_x,Df,503,386,86,25,0.889
test_x,D,503,386,86,25,0.889
