dataset,variable,TP,TN,FP,FN,accuracy
train_x,Df,2495,17415,1895,4569,0.754910138773034
train_x,D,2495,17415,1895,4569,0.754910138773034
valid_x,Df,272,1942,194,523,0.7553735926305015
valid_x,D,272,1942,194,523,0.7553735926305015
test_x,Df,304,2148,240,564,0.7530712530712531
test_x,D,304,2148,240,564,0.7530712530712531
