,accuracy,f1_score,precision,recall,FNR,FPR,cross_entropy,FNR_diff,FPR_diff,equalized_odds,Equal_Opportunity,experiment,fold,eval_type,stage,WEOp,expected_acc,WEQ
0,0.822,0.8216432865731462,0.8471074380165289,0.7976653696498055,0.20233463035019456,0.1522633744855967,-0.0013862943611198943,0.05117914415573277,0.05820608757204976,0.05820608757204976,0.05117914415573277,reweight,3,ground,ground,-0.02615025998261178,0.8213511770895172,0.02615025998261178
0,0.82,0.8196392785571142,0.8450413223140496,0.7957198443579766,0.20428015564202334,0.15432098765432098,-0.0014689488095260311,0.030649172455192525,0.07493174233997371,0.07493174233997371,0.030649172455192608,reduction,3,ground,ground,-0.04907482868222979,0.8205235118033786,0.04907482868222979
0,0.818,0.8169014084507042,0.8458333333333333,0.7898832684824902,0.21011673151750973,0.1522633744855967,-0.004158883083359676,0.11892633564874366,0.11718070583476589,0.11892633564874366,0.11892633564874366,LR,3,ground,ground,0.052573633225604155,0.8199220703657764,0.08035391833899032
