dataset,variable,TP,TN,FP,FN,accuracy
train_x,Df,71686,86796,0,6,0.9999621422442078
train_x,D,71692,86796,0,0,1.0
valid_x,Df,7925,9682,0,3,0.9998296422487223
valid_x,D,7928,9682,0,0,1.0
test_x,Df,8882,10682,0,3,0.9998466806357643
test_x,D,8885,10682,0,0,1.0
