dataset,variable,TP,TN,FP,FN,accuracy
train_x,Df,3122,3424,1034,520,0.8081481481481482
train_x,D,2864,2564,1894,778,0.6701234567901234
valid_x,Df,314,395,129,62,0.7877777777777778
valid_x,D,286,281,243,90,0.63
test_x,Df,389,417,130,64,0.806
test_x,D,365,324,223,88,0.689
