dataset,variable,TP,TN,FP,FN,accuracy
train_x,Df,3807,3408,691,194,0.8907407407407407
train_x,D,3807,3408,691,194,0.8907407407407407
valid_x,Df,424,378,78,20,0.8911111111111111
valid_x,D,424,378,78,20,0.8911111111111111
test_x,Df,491,410,75,24,0.901
test_x,D,491,410,75,24,0.901
