dataset,variable,TP,TN,FP,FN,accuracy
train_x,Df,3619,2420,879,1182,0.7455555555555555
train_x,D,3619,2420,879,1182,0.7455555555555555
valid_x,Df,398,262,104,136,0.7333333333333333
valid_x,D,398,262,104,136,0.7333333333333333
test_x,Df,461,302,105,132,0.763
test_x,D,461,302,105,132,0.763
