dataset,variable,TP,TN,FP,FN,accuracy
train_x,Df,32300,3928,3328,0,0.9158661138638892
train_x,D,32300,7256,0,0,1.0
valid_x,Df,3593,433,369,0,0.9160409556313993
valid_x,D,3593,802,0,0,1.0
test_x,Df,4011,483,389,0,0.9203358591030104
test_x,D,4011,872,0,0,1.0
