dataset,variable,TP,TN,FP,FN,accuracy
train_x,Df,3931,3340,653,176,0.8976543209876543
train_x,D,3931,3340,653,176,0.8976543209876543
valid_x,Df,433,375,75,17,0.8977777777777778
valid_x,D,433,375,75,17,0.8977777777777778
test_x,Df,484,412,80,24,0.896
test_x,D,484,412,80,24,0.896
