dataset,variable,TP,TN,FP,FN,accuracy
train_x,Df,3690,2447,894,1069,0.7576543209876543
train_x,D,3690,2447,894,1069,0.7576543209876543
valid_x,Df,407,270,101,122,0.7522222222222222
valid_x,D,407,270,101,122,0.7522222222222222
test_x,Df,443,292,121,144,0.735
test_x,D,443,292,121,144,0.735
