dataset,variable,TP,TN,FP,FN,accuracy
train_x,Df,39113,76970,14468,27938,0.7324356895431229
train_x,D,39113,76970,14468,27938,0.7324356895431229
valid_x,Df,4303,8554,1579,3174,0.7300965360590573
valid_x,D,4303,8554,1579,3174,0.7300965360590573
test_x,Df,4762,9562,1763,3479,0.7320862721046714
test_x,D,4762,9562,1763,3479,0.7320862721046714
