dataset,variable,TP,TN,FP,FN,accuracy
train_x,Df,55884,55276,24696,22632,0.7013780223108375
train_x,D,55884,55276,24696,22632,0.7013780223108375
valid_x,Df,6219,6155,2695,2541,0.7026689381033504
valid_x,D,6219,6155,2695,2541,0.7026689381033504
test_x,Df,6896,6870,2953,2848,0.7035314560228957
test_x,D,6896,6870,2953,2848,0.7035314560228957
