dataset,variable,TP,TN,FP,FN,accuracy
train_x,Df,3175,3028,1430,467,0.7658024691358025
train_x,D,3175,3028,1430,467,0.7658024691358025
valid_x,Df,339,342,171,48,0.7566666666666667
valid_x,D,339,342,171,48,0.7566666666666667
test_x,Df,384,379,179,58,0.763
test_x,D,384,379,179,58,0.763
