dataset,variable,TP,TN,FP,FN,accuracy
train_x,Df,33776,4921,12,847,0.9782839518657094
train_x,D,34623,4933,0,0,1.0
valid_x,Df,3751,548,0,96,0.9781569965870307
valid_x,D,3847,548,0,0,1.0
test_x,Df,4176,609,0,98,0.9799303706737661
test_x,D,4274,609,0,0,1.0
