dataset,variable,TP,TN,FP,FN,accuracy
train_x,Df,3903,3299,574,324,0.8891358024691358
train_x,D,3903,3299,574,324,0.8891358024691358
valid_x,Df,435,353,71,41,0.8755555555555555
valid_x,D,435,353,71,41,0.8755555555555555
test_x,Df,471,398,83,48,0.869
test_x,D,471,398,83,48,0.869
