dataset,variable,TP,TN,FP,FN,accuracy
train_x,Df,3969,3027,615,489,0.8637037037037038
train_x,D,3969,3027,615,489,0.8637037037037038
valid_x,Df,438,332,70,60,0.8555555555555555
valid_x,D,438,332,70,60,0.8555555555555555
test_x,Df,486,378,78,58,0.864
test_x,D,486,378,78,58,0.864
