dataset,variable,TP,TN,FP,FN,accuracy
train_x,Df,38832,77156,14291,28209,0.7318408964716572
train_x,D,38832,77156,14291,28209,0.7318408964716572
valid_x,Df,4383,8534,1595,3098,0.733503691084611
valid_x,D,4383,8534,1595,3098,0.733503691084611
test_x,Df,4767,9524,1796,3480,0.7303623447641437
test_x,D,4767,9524,1796,3480,0.7303623447641437
