dataset,variable,TP,TN,FP,FN,accuracy
train_x,Df,3983,3012,622,483,0.8635802469135803
train_x,D,3983,3012,622,483,0.8635802469135803
valid_x,Df,431,328,79,62,0.8433333333333334
valid_x,D,431,328,79,62,0.8433333333333334
test_x,Df,482,378,81,59,0.86
test_x,D,482,378,81,59,0.86
