dataset,variable,TP,TN,FP,FN,accuracy
train_x,Df,65052,88064,5353,19,0.9661046893140175
train_x,D,65071,93417,0,0,1.0
valid_x,Df,7228,9783,597,2,0.9659852356615559
valid_x,D,7230,10380,0,0,1.0
test_x,Df,8032,10819,714,2,0.9634077784024122
test_x,D,8034,11533,0,0,1.0
