dataset,variable,TP,TN,FP,FN,accuracy
train_x,Df,35025,792,3040,698,0.9054986727341676
train_x,D,35025,792,3040,698,0.9054986727341676
valid_x,Df,3894,98,329,74,0.9083048919226394
valid_x,D,3894,98,329,74,0.9083048919226394
test_x,Df,4329,116,363,76,0.9101146601146601
test_x,D,4329,116,363,76,0.9101146601146601
