dataset,variable,TP,TN,FP,FN,accuracy
train_x,Df,3216,17563,1713,3882,0.7878592553272162
train_x,D,3216,17563,1713,3882,0.7878592553272162
valid_x,Df,328,1960,179,464,0.7806209484817468
valid_x,D,328,1960,179,464,0.7806209484817468
test_x,Df,357,2170,213,516,0.7761056511056511
test_x,D,357,2170,213,516,0.7761056511056511
