,accuracy,f1_score,precision,recall,FNR,FPR,cross_entropy,FNR_diff,FPR_diff,equalized_odds,Equal_Opportunity,experiment,fold,eval_type,stage,WEOp,expected_acc,WEQ
0,0.625,0.7260774287801316,0.5826494724501758,0.9631782945736435,0.03682170542635659,0.7355371900826446,0.2557713096266198,0.02552281810577191,0.02424816855241596,0.02552281810577195,0.02552281810577195,reweight,6,ground,proxy,0.08731052311626031,0.617779415225341,0.08731052311626031
0,0.674,0.7420886075949367,0.6270053475935828,0.9089147286821705,0.09108527131782945,0.5764462809917356,0.18504048747314572,0.09393066270099452,0.04010425922634908,0.09393066270099448,0.09393066270099448,reduction,6,ground,proxy,0.14522257949233097,0.6628039399616172,0.14522257949233097
0,0.645,0.7144006436041834,0.6107290233837689,0.8604651162790697,0.13953488372093023,0.5847107438016529,0.1684347648760667,0.4006320289989776,0.5013723515589519,0.5013723515589519,0.40063202899897754,LR,6,ground,proxy,0.4623059557600606,0.6303955073894103,0.4623059557600606
