dataset,variable,TP,TN,FP,FN,accuracy
train_x,Df,3216,2909,1070,905,0.7561728395061729
train_x,D,3125,2345,1634,996,0.6753086419753086
valid_x,Df,340,342,123,95,0.7577777777777778
valid_x,D,336,272,193,99,0.6755555555555556
test_x,Df,380,370,129,121,0.75
test_x,D,385,297,202,116,0.682
