dataset,variable,TP,TN,FP,FN,accuracy
train_x,Df,32302,3935,3318,0,0.9161167993932499
train_x,D,32302,7253,0,0,1.0
valid_x,Df,3585,418,392,0,0.9108077360637088
valid_x,D,3585,810,0,0,1.0
test_x,Df,4016,500,367,1,0.9246519246519247
test_x,D,4017,867,0,0,1.0
