dataset,variable,TP,TN,FP,FN,accuracy
train_x,Df,3858,3544,315,383,0.9138271604938272
train_x,D,3858,3544,315,383,0.9138271604938272
valid_x,Df,410,407,35,48,0.9077777777777778
valid_x,D,410,407,35,48,0.9077777777777778
test_x,Df,479,432,45,44,0.911
test_x,D,479,432,45,44,0.911
