dataset,variable,TP,TN,FP,FN,accuracy
train_x,Df,3850,3658,323,269,0.9269135802469136
train_x,D,3850,3658,323,269,0.9269135802469136
valid_x,Df,409,425,36,30,0.9266666666666666
valid_x,D,409,425,36,30,0.9266666666666666
test_x,Df,477,446,47,30,0.923
test_x,D,477,446,47,30,0.923
