dataset,variable,TP,TN,FP,FN,accuracy
train_x,Df,4076,3947,51,26,0.9904938271604938
train_x,D,4102,3657,341,0,0.9579012345679012
valid_x,Df,456,433,9,2,0.9877777777777778
valid_x,D,458,397,45,0,0.95
test_x,Df,501,487,8,4,0.988
test_x,D,505,446,49,0,0.951
