dataset,variable,TP,TN,FP,FN,accuracy
train_x,Df,4127,3657,0,316,0.9609876543209876
train_x,D,4443,3657,0,0,1.0
valid_x,Df,465,397,0,38,0.9577777777777777
valid_x,D,503,397,0,0,1.0
test_x,Df,509,446,0,45,0.955
test_x,D,554,446,0,0,1.0
