dataset,variable,TP,TN,FP,FN,accuracy
train_x,Df,3836,3776,249,239,0.9397530864197531
train_x,D,4075,4025,0,0,1.0
valid_x,Df,430,406,34,30,0.9288888888888889
valid_x,D,460,440,0,0,1.0
test_x,Df,473,466,33,28,0.939
test_x,D,501,499,0,0,1.0
