dataset,variable,TP,TN,FP,FN,accuracy
train_x,Df,3978,3909,107,106,0.9737037037037037
train_x,D,3791,3732,284,293,0.9287654320987654
valid_x,Df,457,423,7,13,0.9777777777777777
valid_x,D,431,401,29,39,0.9244444444444444
test_x,Df,501,484,5,10,0.985
test_x,D,473,461,28,38,0.934
