dataset,variable,TP,TN,FP,FN,accuracy
train_x,Df,3920,3257,624,299,0.8860493827160494
train_x,D,3920,3257,624,299,0.8860493827160494
valid_x,Df,443,355,60,42,0.8866666666666667
valid_x,D,443,355,60,42,0.8866666666666667
test_x,Df,489,397,85,29,0.886
test_x,D,489,397,85,29,0.886
