dataset,variable,TP,TN,FP,FN,accuracy
train_x,Df,31453,4725,3378,0,0.9146020831226616
train_x,D,31453,8103,0,0,1.0
valid_x,Df,3506,542,347,0,0.9210466439135381
valid_x,D,3506,889,0,0,1.0
test_x,Df,3885,597,401,0,0.9178783534712267
test_x,D,3885,998,0,0,1.0
