dataset,variable,TP,TN,FP,FN,accuracy
train_x,Df,6303,19335,688,48,0.9720937286721771
train_x,D,6351,20023,0,0,1.0
valid_x,Df,702,2135,90,4,0.967929034459229
valid_x,D,706,2225,0,0,1.0
test_x,Df,775,2394,78,9,0.9732800982800983
test_x,D,784,2472,0,0,1.0
