dataset,variable,TP,TN,FP,FN,accuracy
train_x,Df,67219,87138,4128,3,0.9739349351370451
train_x,D,67222,91266,0,0,1.0
valid_x,Df,7524,9637,447,2,0.9745031232254401
valid_x,D,7526,10084,0,0,1.0
test_x,Df,8249,10762,555,1,0.9715848111616497
test_x,D,8250,11317,0,0,1.0
