dataset,variable,TP,TN,FP,FN,accuracy
train_x,Df,3235,18689,1334,3116,0.8312732236293319
train_x,D,3235,18689,1334,3116,0.8312732236293319
valid_x,Df,373,2060,165,333,0.8300921187308086
valid_x,D,373,2060,165,333,0.8300921187308086
test_x,Df,399,2306,166,385,0.8307739557739557
test_x,D,399,2306,166,385,0.8307739557739557
