dataset,variable,TP,TN,FP,FN,accuracy
train_x,Df,35041,816,3019,680,0.9064870057639802
train_x,D,35041,816,3019,680,0.9064870057639802
valid_x,Df,3879,85,335,96,0.90193401592719
valid_x,D,3879,85,335,96,0.90193401592719
test_x,Df,4329,91,392,71,0.905181241040344
test_x,D,4329,91,392,71,0.905181241040344
