dataset,variable,TP,TN,FP,FN,accuracy
train_x,Df,3161,2999,1459,481,0.7604938271604939
train_x,D,3161,2999,1459,481,0.7604938271604939
valid_x,Df,315,332,192,61,0.7188888888888889
valid_x,D,315,332,192,61,0.7188888888888889
test_x,Df,389,343,204,64,0.732
test_x,D,389,343,204,64,0.732
