dataset,variable,TP,TN,FP,FN,accuracy
train_x,Df,3917,3862,140,181,0.9603703703703703
train_x,D,3259,3651,351,839,0.8530864197530864
valid_x,Df,437,423,17,23,0.9555555555555556
valid_x,D,370,401,39,90,0.8566666666666667
test_x,Df,484,477,16,23,0.961
test_x,D,399,440,53,108,0.839
