dataset,variable,TP,TN,FP,FN,accuracy
train_x,Df,3280,3713,777,330,0.8633333333333333
train_x,D,3610,4490,0,0,1.0
valid_x,Df,372,409,82,37,0.8677777777777778
valid_x,D,409,491,0,0,1.0
test_x,Df,403,451,97,49,0.854
test_x,D,452,548,0,0,1.0
