dataset,variable,TP,TN,FP,FN,accuracy
train_x,Df,3139,3015,997,949,0.759753086419753
train_x,D,3115,2368,1644,973,0.6769135802469136
valid_x,Df,350,331,106,113,0.7566666666666667
valid_x,D,361,269,168,102,0.7
test_x,Df,390,367,127,116,0.757
test_x,D,370,277,217,136,0.647
