dataset,variable,TP,TN,FP,FN,accuracy
train_x,Df,33820,4928,5,803,0.9795732632217615
train_x,D,34623,4933,0,0,1.0
valid_x,Df,3743,547,1,104,0.9761092150170648
valid_x,D,3847,548,0,0,1.0
test_x,Df,4148,607,2,126,0.9737866065943068
test_x,D,4274,609,0,0,1.0
